nuts-id	1996 	1997 	1998 	1999 	2000 	2001 	2002 	2003 	2004 	2005 	2006 	2007 
AT11	11523.9	11771.1	12318.3	13027.5	13923.5	13937.3	14402.1	15052.7	16057.0	16840.4	17825.5	18470.1
AT12	12871.0	13021.4	13665.6	14525.4	15537.4	15403.4	15765.8	16322.2	16928.0	17831.3	18813.9	19544.9
AT13	14683.3	14857.3	15374.7	16069.4	17056.0	16630.1	16928.8	17261.8	17699.9	18279.5	18977.4	19485.4
AT21	11795.8	11922.2	12421.4	13006.9	14042.2	13967.3	14393.7	14954.2	15521.1	16523.0	17420.1	18127.9
AT22	12031.6	12222.0	12755.1	13429.9	14425.1	14242.8	14685.7	15180.8	15686.9	16638.9	17560.7	18347.0
AT31	12460.4	12643.3	13179.3	13796.6	14869.5	14654.6	15008.0	15522.6	16281.2	17261.5	18266.9	18949.4
AT32	12879.1	12985.2	13544.3	14257.6	15264.9	15007.9	15416.9	15921.1	16505.8	17563.2	18509.2	19289.0
AT33	12029.3	12018.6	12697.8	13400.2	14507.7	14402.3	15030.8	15632.8	16203.9	17043.9	17868.1	18588.3
AT34	12591.4	12620.3	13488.1	14107.7	15568.7	15154.4	15641.8	16167.9	16716.1	17793.2	18803.9	19367.5
BE10	11964.2 	12419.1 	12524.6 	12921.1 	14262.5 	14704.8 	14815.3 	14217.0 	14258.1 	14377.9 	14982.8 	15437.6 
BE21	12450.8 	12725.3 	12939.1 	13448.4 	14864.9 	15451.8 	15797.8 	15111.7 	15361.8 	15745.8 	16323.8 	16782.0 
BE22	11310.7 	11515.2 	11601.2 	12105.2 	13458.1 	14099.9 	14403.3 	13843.8 	14115.1 	14562.5 	15180.1 	15685.5 
BE23	12526.2 	12844.2 	13044.1 	13598.6 	15023.8 	15576.5 	15923.9 	15206.7 	15505.0 	15970.6 	16625.4 	17229.6 
BE24	14158.6 	14644.5 	14951.8 	15515.5 	17096.3 	17710.0 	18260.0 	17538.8 	17733.8 	18205.6 	18892.6 	19529.8 
BE25	12079.0 	12307.5 	12470.3 	12944.1 	14405.3 	14844.4 	15099.3 	14457.0 	14769.7 	15224.0 	15842.9 	16439.0 
BE31	13740.4 	14302.9 	14468.9 	15148.1 	16529.7 	17074.6 	17476.7 	16704.5 	16911.6 	17215.1 	17873.1 	18369.1 
BE32	10573.6 	10788.8 	10863.3 	11296.2 	12443.8 	12760.7 	12984.5 	12503.4 	12565.9 	12939.6 	13455.8 	13917.5 
BE33	10932.8 	11169.1 	11203.8 	11770.1 	12751.6 	13177.1 	13430.4 	12897.2 	13147.3 	13466.2 	13950.4 	14354.7 
BE34	10811.9 	11081.5 	11072.7 	11449.0 	12086.1 	12674.8 	12629.5 	12233.4 	12515.3 	13170.2 	13636.9 	14132.7 
BE35	11020.8 	11308.0 	11390.6 	11944.0 	12921.0 	13339.7 	13592.2 	13044.7 	13291.9 	13622.1 	14313.3 	14754.9 
BG31	: 	: 	: 	: 	1907.4 	2251.9 	2384.6 	2590.2 	3021.0 	2844.8 	3092.6 	3575.0 
BG32	: 	: 	: 	: 	2020.3 	2480.0 	2760.5 	2729.6 	3186.6 	3357.3 	3534.1 	3807.6 
BG33	: 	: 	: 	: 	2082.3 	2300.4 	2496.7 	2787.8 	3249.4 	3177.7 	3522.9 	3787.1 
BG34	: 	: 	: 	: 	2341.9 	2498.8 	2839.8 	3039.5 	3549.9 	3481.5 	3787.4 	3887.7 
BG41	: 	: 	: 	: 	2694.7 	3163.6 	3323.6 	3458.8 	4228.8 	4250.1 	4495.2 	5541.1 
BG42	: 	: 	: 	: 	2302.9 	2345.8 	2520.4 	2822.9 	3137.1 	3191.8 	3339.3 	3615.2 
CZ01	7328.5 	7820.9 	7936.6 	8449.2 	8827.3 	9532.6 	9707.7 	10427.5 	10577.8 	11225.0 	12246.7 	13180.5 
CZ02	6003.9 	6313.4 	6390.0 	6732.3 	6937.6 	7275.4 	7591.8 	8113.6 	8341.8 	8823.4 	9546.0 	10458.0 
CZ03	5855.8 	6159.5 	5994.9 	6248.4 	6539.4 	6961.5 	6968.2 	7417.0 	7636.5 	8175.4 	8778.6 	9565.1 
CZ04	5586.9 	5884.9 	5701.6 	5895.0 	6172.6 	6440.6 	6401.6 	6780.1 	6876.3 	7362.3 	7945.8 	8517.1 
CZ05	5593.6 	6000.8 	5885.7 	6079.1 	6380.2 	6749.7 	6833.1 	7087.6 	7338.2 	7939.9 	8473.9 	9232.0 
CZ06	5586.7 	5846.6 	5777.3 	6019.3 	6290.2 	6701.0 	6778.9 	7152.4 	7473.8 	8012.2 	8478.9 	9463.0 
CZ07	5462.6 	5806.4 	5726.2 	5909.2 	6157.4 	6532.2 	6648.4 	7008.0 	7129.5 	7641.1 	8356.8 	9151.8 
CZ08	5618.8 	5787.6 	5618.1 	5790.1 	6001.7 	6373.5 	6420.2 	6702.0 	6881.4 	7559.7 	7962.1 	8785.8 
DE11	14738.3	15334.4	15763.7	16473.5	16998.8	17606.7	17720.1	18164.1	18680.5	19403.3	19983.2	20534.8
DE12	14039.6	14528.4	14842.4	15568.8	16151.5	16804.2	16933.7	17313.1	17738.8	18392.6	18929.5	19395.0
DE13	13655.5	14175.1	14512.1	15217.0	15723.8	16311.8	16535.9	17055.4	17579.6	18266.3	18813.6	19298.4
DE14	13847.3	14434.7	14853.8	15582.1	16170.8	16854.7	16900.8	17249.3	17653.8	18363.8	18928.6	19457.1
DE21	15354.4	15883.2	16447.5	17166.4	17643.7	18179.4	18303.1	18777.1	19358.6	20063.6	20653.2	20982.3
DE22	12474.9	12743.1	13040.7	13571.9	13971.6	14439.5	14633.1	15169.8	15810.6	16403.5	17077.6	17592.2
DE23	12626.8	12908.7	13202.0	13774.7	14247.0	14797.3	14918.9	15352.9	15826.7	16413.3	17017.0	17454.1
DE24	13592.0	13832.5	14129.3	14583.0	14928.2	15330.2	15512.7	15985.6	16471.6	17134.1	17849.7	18387.0
DE25	14254.3	14602.9	15007.2	15595.7	16051.2	16542.6	16645.4	17012.7	17437.9	18069.7	18678.3	19113.2
DE26	13162.5	13376.8	13631.6	14204.3	14694.7	15242.9	15440.8	15925.7	16446.3	17094.7	17777.6	18275.6
DE27	13518.6	13860.7	14228.3	14853.2	15353.3	15888.6	16070.0	16571.4	17140.0	17799.3	18491.2	18984.5
DE30	12709.6	12740.4	12689.6	13264.9	13420.5	13476.7	13484.7	13771.0	14032.2	14446.6	14830.0	15048.8
DE41	10916.9	11294.5	11525.9	12189.6	12576.0	12980.0	13048.3	13420.1	13915.1	14250.5	14695.7	15030.4
DE42	11210.6	11542.6	11767.5	12400.2	12869.2	13234.9	13477.5	13807.8	14293.8	14654.0	15101.3	15429.2
DE50	15385.5	16083.1	16464.1	17051.9	17765.1	18378.1	17965.6	18078.6	18192.8	19220.8	19806.5	20252.8
DE60	15944.5	16395.5	16636.1	17253.9	18047.2	19066.1	19393.7	20171.4	21208.4	22355.6	22355.4	22920.2
DE71	14424.2	14685.3	14937.1	15635.7	16098.8	16790.7	17041.0	17482.6	17992.5	18411.5	18926.6	19289.1
DE72	12845.5	13001.5	13319.7	13998.0	14362.1	14942.9	15205.8	15674.9	16143.4	16678.3	17299.0	17628.8
DE73	12588.7	12767.6	12988.2	13613.7	13988.7	14600.5	14917.5	15571.3	16007.2	16536.4	17103.0	17638.2
DE80	10321.0	10675.2	10921.5	11625.0	12046.7	12410.9	12553.8	12865.0	13269.4	13719.2	14073.1	14330.8
DE91	13117.2	13384.9	13602.9	14176.2	14538.4	14846.0	15214.7	15631.2	15831.0	16331.4	16702.3	17126.0
DE92	13595.0	13897.4	14140.1	14801.0	15256.2	15631.0	15691.2	16093.0	16425.4	17009.9	17402.9	17819.0
DE93	13607.4	13934.3	14128.3	14727.7	15179.9	15623.7	15597.6	16102.1	16665.8	17318.0	17751.7	18225.9
DE94	12288.2	12618.8	12806.4	13481.0	13995.7	14440.2	14403.6	14812.1	15206.9	15739.1	16101.4	16492.9
DEA1	14563.0	14952.8	15315.9	15876.2	16449.8	16966.3	17037.6	17357.5	17892.4	18507.9	18861.9	19288.5
DEA2	14065.5	14480.7	14815.3	15459.7	16143.4	16742.7	16803.1	17110.9	17668.5	18203.3	18477.2	18861.8
DEA3	13230.7	13649.7	14002.9	14544.8	15119.1	15643.0	15713.5	16052.4	16602.8	17157.5	17481.6	17859.5
DEA4	14722.1	15176.8	15496.7	16079.4	16698.2	17280.9	17232.3	17475.3	17956.0	18636.0	19053.2	19517.0
DEA5	13930.5	14290.5	14600.3	15164.5	15767.3	16320.3	16436.7	16821.3	17384.7	18028.6	18440.2	18898.4
DEB1	13076.5	13321.3	13564.4	14136.4	14674.9	14994.5	15273.1	15638.9	16001.9	16602.9	17051.7	17498.9
DEB2	12143.9	12391.2	12656.0	13243.0	13863.0	14307.7	14643.2	15121.7	15641.3	16290.6	16813.4	17257.8
DEB3	13147.8	13370.3	13643.0	14253.2	14896.2	15317.1	15597.9	15957.5	16355.5	16847.3	17200.7	17591.7
DEC0	12284.7	12590.7	12978.6	13877.1	14470.9	15156.3	15036.3	15543.0	16185.4	16841.9	17322.3	17764.0
DED1	10805.6	11182.8	11477.9	12236.6	12742.7	13168.6	13430.9	13745.1	14061.4	14346.4	14775.9	15119.5
DED2	10935.2	11263.9	11532.2	12227.9	12670.9	13061.9	13418.0	13809.5	14191.7	14428.4	14769.4	15052.0
DED3	10967.2	11302.9	11532.0	12217.2	12594.6	12954.2	13256.5	13618.5	14015.1	14201.1	14517.7	14749.5
DEE0	10566.7	10892.2	11154.1	11869.8	12284.0	12600.7	12788.9	13083.2	13382.8	13740.1	14060.6	14354.5
DEF0	13508.7	13765.5	14007.1	14421.2	14724.3	15069.3	15329.6	15499.3	15809.0	16533.3	17018.0	17439.1
DEG0	10416.6	10771.8	11180.2	11987.4	12453.8	12832.7	13005.9	13321.1	13585.1	13900.8	14293.6	14614.2
DK01	: 	: 	: 	: 	11444.9	: 	: 	: 	: 	12549.4	13265.4	13517.6
DK02	: 	: 	: 	: 	10655.3	: 	: 	: 	: 	11976.6	12655.0	12956.0
DK03	: 	: 	: 	: 	10475.6	: 	: 	: 	: 	11723.3	12462.6	12857.9
DK04	: 	: 	: 	: 	10427.5	: 	: 	: 	: 	11849.4	12573.8	12941.9
DK05	: 	: 	: 	: 	10520.0	: 	: 	: 	: 	11707.4	12455.8	12920.3
EE00	3039.8 	3517.4 	3643.6 	3595.6 	4052.8 	4297.5 	4817.7 	5091.1 	5447.0 	6101.3 	6938.2 	7857.2 
ES11	7635.4 	8069.7 	8507.1 	8895.8 	9781.5 	10295.9 	10984.6 	11185.7 	11495.4 	12307.9 	13085.5 	13750.4 
ES12	8180.4 	8685.1 	9251.5 	9482.4 	10747.0 	11422.1 	12245.5 	12378.0 	12787.3 	13831.3 	14910.6 	15835.5 
ES13	8655.3 	9049.3 	9730.7 	10272.0 	11339.9 	12017.5 	12915.3 	12996.5 	13345.3 	14351.3 	15092.7 	15593.3 
ES21	10479.8 	11163.5 	11999.6 	12671.9 	14106.3 	14946.6 	15846.1 	16080.9 	16563.6 	17648.6 	18810.7 	19640.5 
ES22	10713.3 	11265.9 	11761.4 	12171.2 	14414.4 	15180.3 	16037.4 	16043.0 	16548.2 	17493.7 	18303.3 	19408.6 
ES23	9814.8 	10467.1 	11028.7 	11460.3 	13111.6 	13588.4 	14157.7 	14157.4 	14355.5 	14798.4 	15508.7 	15594.1 
ES24	9596.6 	10112.1 	10467.7 	10860.5 	12339.4 	12949.6 	13946.4 	13951.4 	14160.9 	14983.1 	15809.2 	16271.3 
ES30	10215.4 	10849.1 	11634.7 	12213.8 	14254.8 	14835.4 	15442.8 	15313.6 	15741.8 	16541.8 	17314.6 	17637.5 
ES41	8636.8 	9155.3 	9566.9 	9966.7 	10997.4 	11814.1 	12432.9 	12560.6 	12892.8 	13751.2 	14744.0 	15266.3 
ES42	7541.9 	7944.2 	8452.5 	8728.2 	9544.0 	10106.0 	10745.9 	10755.7 	10850.7 	11351.9 	11767.7 	12198.1 
ES43	6342.8 	6703.4 	7167.8 	7594.8 	8315.0 	8874.8 	9429.0 	9532.8 	9772.9 	10561.0 	11196.4 	11722.6 
ES51	10182.7 	10585.6 	11058.7 	11669.8 	13268.0 	13760.5 	14468.4 	14561.4 	14859.3 	15694.0 	16206.4 	16650.5 
ES52	8355.0 	8948.8 	9433.1 	9864.6 	11190.1 	11580.0 	12073.7 	12016.0 	12082.0 	12571.4 	13014.2 	13338.7 
ES53	10256.3 	11045.3 	11507.4 	11807.7 	13648.9 	14170.6 	14580.3 	14172.6 	14456.3 	15022.3 	15528.5 	15741.5 
ES61	6987.8 	7352.5 	7738.4 	8096.3 	8939.6 	9452.9 	9998.6 	10117.6 	10318.7 	10960.7 	11423.8 	11769.0 
ES62	7173.1 	7710.5 	8142.7 	8452.8 	9620.3 	10090.4 	10875.3 	10545.1 	10559.9 	11176.3 	11446.9 	11852.8 
ES63	: 	: 	: 	: 	10726.7 	11015.5 	11771.9 	12302.9 	12898.1 	13928.3 	14663.0 	14997.7 
ES64	: 	: 	: 	: 	10780.6 	11318.8 	11966.1 	12175.8 	12936.6 	13802.9 	14756.4 	14921.2 
ES70	8005.8 	8391.6 	8942.6 	9637.2 	10528.3 	10965.0 	11579.8 	11526.9 	11600.0 	12119.9 	12621.1 	13071.8 
FI13	7375.0 	7871.1 	8153.1 	8534.7 	8916.3 	9150.1 	9689.7 	9967.6 	10718.3 	10874.1 	11447.0 	12492.6 
FI18	8088.9 	8762.8 	9226.7 	9985.5 	10463.1 	10827.8 	11410.4 	11770.2 	12593.2 	12802.3 	13238.4 	14201.8 
FI19	7593.2 	8187.7 	8588.3 	8981.3 	9415.9 	9676.8 	10216.4 	10471.2 	11246.4 	11366.6 	11955.8 	12953.7 
FI1A	7162.9 	7671.4 	7963.6 	8452.7 	8781.2 	9014.1 	9526.4 	9848.2 	10541.8 	10818.4 	11456.1 	12306.7 
FI20	9561.1 	10543.1 	10960.1 	11899.9 	12636.5 	12928.9 	13780.2 	14140.1 	14810.7 	14187.3 	13538.9 	14888.3 
FR10	13157.4 	13891.9 	14549.1 	15411.0 	16557.9 	18177.2 	19222.8 	18306.0 	19019.6 	19545.1 	19704.1 	21072.4 
FR21	10351.5 	10822.7 	11372.3 	11889.2 	12850.6 	13782.6 	14478.2 	13847.3 	14577.9 	14882.1 	15597.1 	16406.6 
FR22	10379.1 	10845.8 	11441.5 	11863.4 	12735.3 	13923.6 	14582.1 	14069.0 	14607.5 	15301.2 	15549.9 	16567.8 
FR23	10608.8 	11021.7 	11590.1 	12020.7 	12953.1 	14290.5 	14928.3 	14449.2 	14949.8 	15570.8 	15852.0 	16885.9 
FR24	10813.4 	11415.1 	11878.5 	12414.1 	13378.5 	14681.2 	15326.7 	14769.3 	15350.5 	15917.3 	16571.8 	17424.6 
FR25	10268.4 	10769.5 	11122.8 	11517.4 	12384.0 	13577.4 	14176.4 	13725.0 	14227.8 	14974.4 	15871.8 	16530.2 
FR26	10888.1 	11584.4 	12021.6 	12512.9 	13363.1 	14426.0 	15090.2 	14560.3 	15140.5 	15821.6 	16426.7 	17329.0 
FR30	8940.5 	9305.5 	9771.3 	10211.3 	11112.9 	12314.2 	12849.1 	12378.5 	12833.5 	13456.5 	14316.2 	14939.0 
FR41	10236.4 	10643.4 	11174.1 	11684.3 	12519.0 	14046.3 	14603.0 	14022.2 	14599.8 	15092.3 	15877.7 	16649.0 
FR42	11008.7 	11451.6 	12053.1 	12544.8 	13470.4 	15166.6 	15766.8 	15048.5 	15635.9 	16261.8 	16425.1 	17517.7 
FR43	10437.3 	10896.0 	11478.4 	11975.4 	12904.4 	14311.9 	14975.9 	14391.3 	14959.1 	15628.6 	15885.9 	16877.4 
FR51	10228.3 	10753.7 	11177.5 	11763.6 	12663.4 	13946.2 	14454.6 	13849.6 	14343.5 	15085.7 	15948.9 	16491.0 
FR52	10227.6 	10857.3 	11216.3 	11722.7 	12603.7 	13906.6 	14266.7 	13713.0 	14168.2 	15050.8 	15824.2 	16449.2 
FR53	10203.6 	10807.4 	11208.8 	11741.1 	12614.1 	13792.4 	14426.6 	13848.9 	14342.7 	15052.7 	15973.8 	16513.7 
FR61	10557.2 	11342.2 	11697.7 	12209.2 	12996.5 	14322.4 	14877.0 	14214.1 	14735.7 	15535.4 	16368.7 	16958.8 
FR62	10202.9 	10861.5 	11217.8 	11868.9 	12765.1 	14018.6 	14569.6 	13905.4 	14333.4 	15224.5 	16042.2 	16563.5 
FR63	10532.7 	11139.4 	11798.3 	12269.7 	13232.9 	14434.5 	14990.7 	14412.3 	14903.0 	15829.8 	16613.9 	17321.4 
FR71	10968.1 	11529.9 	12136.4 	12755.1 	13664.3 	15029.2 	15667.5 	15012.5 	15563.2 	16212.2 	16864.4 	17629.5 
FR72	10554.3 	11187.1 	11707.5 	12227.7 	13080.3 	14256.9 	14895.8 	14372.0 	14876.0 	15828.9 	16618.6 	17425.7 
FR81	9714.3 	10315.5 	10821.1 	11361.3 	12116.7 	13252.6 	13803.9 	13259.4 	13632.5 	14292.6 	15217.6 	15625.9 
FR82	10756.6 	11284.0 	11731.8 	12305.5 	13300.0 	14586.1 	15224.2 	14640.7 	15107.9 	15784.7 	16202.0 	17026.8 
FR83	9009.1 	9864.9 	10675.0 	11064.0 	11559.3 	12633.7 	13174.3 	12752.6 	13086.5 	13730.6 	14870.4 	14988.6 
FR91	6427.5 	: 	7531.9 	7908.0 	8416.2 	: 	: 	: 	: 	: 	: 	: 
FR92	6949.5 	: 	8489.1 	8699.8 	9363.1 	: 	: 	: 	: 	: 	: 	: 
FR93	5518.9 	: 	6808.8 	6978.6 	7139.3 	: 	: 	: 	: 	: 	: 	: 
FR94	6622.2 	: 	7681.9 	7990.3 	8578.2 	: 	: 	: 	: 	: 	: 	: 
GR11	6920.4 	7339.2 	7096.5 	8292.2 	8466.7 b	9247.5 	10033.7 	9579.1 	9619.0 	10956.7 	11398.6 	12362.0 
GR12	7545.9 	7779.1 	7606.8 	8274.2 	7919.9 b	9110.8 	9733.0 	9515.2 	10957.5 	11874.0 	12324.2 	13345.6 
GR13	12107.9 	13207.9 	13006.7 	13710.2 	13735.3 b	14844.9 	16062.4 	14737.1 	13041.8 	11804.4 	12014.5 	13125.5 
GR14	8214.0 	8498.3 	8227.0 	9122.3 	8993.3 b	9887.6 	10715.4 	10464.6 	9894.0 	10923.4 	11440.1 	12666.4 
GR21	8095.1 	8890.6 	8984.9 	9792.7 	9856.4 b	10827.6 	11615.3 	10547.6 	10124.0 	10753.0 	11273.6 	12584.3 
GR22	8489.9 	9221.2 	9533.6 	10070.9 	10855.5 b	11361.0 	11981.2 	10788.3 	7636.4 	7495.6 	7454.1 	8553.9 
GR23	7910.6 	8107.5 	8170.9 	9089.8 	8867.1 b	9977.6 	10735.8 	10121.7 	9298.4 	9878.7 	10356.8 	11461.9 
GR24	8306.5 	10608.1 	10295.5 	11205.7 	11320.9 b	12601.1 	13642.4 	12843.9 	11484.3 	12516.3 	13165.2 	14686.8 
GR25	7490.6 	7196.5 	7266.8 	7744.8 	7839.1 b	8486.0 	9145.5 	9108.3 	9434.8 	9955.7 	10530.4 	11732.5 
GR30	9507.7 	9851.4 	10439.9 	11584.0 	11820.3 b	12915.5 	14033.7 	13828.8 	15277.1 	15673.4 	16501.7 	18251.2 
GR41	7965.8 	7918.9 	8930.0 	9549.4 	10268.9 b	10504.0 	11202.1 	10778.1 	10116.4 	11117.4 	11945.4 	13834.2 
GR42	7750.8 	8249.5 	8479.8 	9935.0 	11893.2 b	12535.1 	13321.7 	12292.0 	11876.5 	12341.4 	13394.0 	15280.4 
GR43	9304.3 	9040.9 	9268.6 	9880.9 	10050.1 b	10654.1 	11415.2 	11194.6 	10252.3 	11317.1 	11966.2 	13415.6 
HU10	: 	: 	: 	: 	7650.1 	8069.6 	9110.2 	9670.0 	10328.3 	11078.9 	10867.6 	10505.9 
HU21	: 	: 	: 	: 	5366.0 	5954.1 	6438.1 	6476.1 	6594.3 	7178.9 	7870.0 	7897.9 
HU22	: 	: 	: 	: 	5722.8 	6033.4 	6575.8 	6619.5 	6971.3 	7236.9 	7585.7 	7605.9 
HU23	: 	: 	: 	: 	4690.3 	5044.4 	5657.9 	5854.8 	5784.7 	6279.1 	6792.2 	6903.8 
HU31	: 	: 	: 	: 	4328.8 	4701.3 	5190.9 	5332.5 	6628.5 	5844.1 	6274.4 	6404.4 
HU32	: 	: 	: 	: 	4060.2 	4551.7 	4986.0 	5177.7 	5002.3 	5495.1 	6097.8 	6269.3 
HU33	: 	: 	: 	: 	4716.0 	5268.9 	5475.7 	5631.6 	5523.6 	5946.4 	6443.3 	6569.1 
IE01	7829.5	8405.3	9260.1	9509.4	10306.7	11261.4	11022.1	11423.7	12264.2	13056.6	13489.2	14108.6
IE02	9041.6	9575.5	10707.8	10892.6	11710.9	12601.7	12856.2	13284.1	14308.2	15145.5	15600.2	16292.7
ITC1	14379.8 	14860.1 	14888.7 	15468.5 	15850.5 	16211.9 	16411.7 	16661.5 	16943.3 	17249.8 	18017.5 	18480.1 
ITC2	14851.3 	15195.3 	15578.3 	15793.9 	16607.9 	17514.1 	17366.4 	17414.4 	17588.0 	17440.9 	18171.2 	18934.3 
ITC3	13870.0 	14461.2 	14716.1 	15057.0 	15763.8 	16415.1 	16199.4 	16401.9 	16292.5 	16687.1 	17248.7 	17985.0 
ITC4	15366.8 	15841.0 	16174.6 	16581.9 	16985.2 	17437.2 	17498.0 	17513.5 	17820.2 	18140.0 	18747.5 	19364.9 
ITD1	15748.4 	15632.9 	15986.3 	16088.4 	16818.1 	17934.9 	17808.1 	17320.7 	18209.6 	18225.0 	18766.9 	19575.1 
ITD2	14178.9 	14276.2 	14461.2 	14887.7 	15650.8 	15766.9 	15989.0 	15727.3 	15606.7 	15800.9 	16352.1 	17082.0 
ITD3	13821.8 	14361.8 	14521.4 	15011.4 	15662.3 	15986.9 	15847.0 	16126.6 	16296.5 	16573.1 	17049.5 	17537.7 
ITD4	13968.1 	14517.8 	14697.3 	15027.4 	15755.4 	16075.4 	16110.8 	16441.0 	16458.3 	16781.8 	17415.8 	18142.1 
ITD5	16087.6 	16513.3 	16645.3 	17060.8 	17867.1 	18249.7 	18220.7 	18325.1 	18165.0 	18452.0 	19235.3 	20113.6 
ITE1	13941.5 	14283.3 	14422.6 	14920.6 	15660.3 	16139.8 	16130.7 	16456.6 	16472.1 	16735.2 	17287.9 	17978.6 
ITE2	12819.8 	13099.5 	13449.9 	13926.7 	14579.1 	14967.2 	14777.9 	14838.4 	15213.2 	15278.7 	15674.4 	16123.5 
ITE3	13227.3 	13529.6 	13607.2 	14012.3 	14541.0 	14896.9 	14879.1 	15103.5 	15193.4 	15680.5 	16229.6 	16680.4 
ITE4	13065.1 	13501.2 	13652.2 	13864.8 	14585.6 	15218.1 	15641.2 	15820.3 	16161.4 	16515.4 	16514.5 	17114.6 
ITF1	10690.2 	10865.4 	10977.7 	11086.0 	11837.9 	12452.6 	12476.7 	12425.8 	12108.6 	12499.6 	12984.0 	13576.5 
ITF2	9313.5 	9891.5 	10163.3 	10458.7 	10854.7 	10985.8 	10896.1 	11078.3 	11164.0 	11403.9 	12226.0 	12742.4 
ITF3	8168.9 	8485.1 	8833.1 	9052.7 	9642.7 	9991.6 	10256.3 	10338.2 	10334.5 	10643.8 	10954.2 	11343.8 
ITF4	8430.1 	8654.9 	8776.8 	9142.4 	9764.9 	10218.9 	10366.4 	10519.1 	10527.0 	10829.9 	11289.9 	11744.7 
ITF5	8651.5 	9006.9 	9423.5 	9933.9 	10434.5 	10277.7 	10764.7 	11024.3 	11152.2 	11422.2 	11988.6 	12537.7 
ITF6	7882.3 	8293.1 	8574.1 	8945.4 	9291.2 	9759.9 	9881.7 	10186.2 	10276.6 	10585.3 	11094.8 	11434.8 
ITG1	8247.9 	8612.9 	8837.6 	9104.1 	9626.2 	10060.6 	10076.8 	10228.8 	10279.5 	10702.1 	10975.4 	11365.1 
ITG2	8941.2 	9517.1 	9814.8 	10134.8 	10766.1 	11272.3 	11318.6 	11723.4 	11796.8 	11962.4 	12496.8 	12900.6 
LT00	2924.3 	3377.5 	3810.9 	3929.7 	4350.1 	4609.5 	5071.5 	5692.4 	6121.9 	6839.1 	7548.9 	8091.8 
LV00	2640.0 	2974.6 	3019.3 	3171.6 	3657.6 	3898.9 	4385.6 	4765.7 	5264.7 	5801.3 	6775.6 	7736.2 
NL11	9498.4 	9958.3 	10426.2 	10944.6 	11365.3 	11568.8 	12559.9 	12246.4 	11856.6 	12153.3 	12605.9 	13675.3 
NL12	9370.9 	9649.3 	10437.9 	11085.5 	11669.1 	12006.6 	12570.5 	11975.3 	12800.4 	12875.0 	13202.4 	14368.1 
NL13	9677.5 	10232.9 	10890.4 	11452.9 	11750.8 	12171.6 	12904.5 	12475.0 	12622.9 	13317.4 	13353.3 	14454.9 
NL21	9230.6 	9804.6 	10301.8 	10790.2 	11408.7 	11795.5 	12612.4 	12168.7 	12477.9 	13016.9 	12965.9 	13943.2 
NL22	9852.5 	10567.3 	10921.7 	11402.0 	11963.5 	12625.9 	13320.9 	12809.0 	13344.5 	13878.2 	14230.7 	15359.2 
NL23	9802.1 	10016.0 	10872.5 	11201.3 	11321.1 	12054.2 	12786.4 	12578.8 	12427.6 	12504.8 	13454.9 	14175.6 
NL31	10893.5 	11591.9 	12618.6 	12538.4 	13155.1 	14251.8 	15815.3 	14408.4 	14708.0 	15356.9 	15981.5 	17061.4 
NL32	10629.7 	11295.9 	11957.1 	12262.8 	12985.7 	13992.1 	15279.7 	14069.9 	14360.7 	14831.6 	15236.7 	16487.8 
NL33	10259.6 	10796.7 	11512.5 	11616.2 	12297.0 	13286.6 	14269.7 	13503.2 	13736.2 	14041.5 	14789.2 	16015.3 
NL34	10025.7 	10427.0 	11058.3 	10956.6 	12153.6 	12130.3 	13012.7 	12636.9 	13655.1 	13957.1 	14266.2 	15011.1 
NL41	10128.7 	10600.7 	11008.4 	11376.1 	12457.1 	12848.2 	13679.4 	13031.1 	13625.0 	13960.3 	14212.4 	15402.3 
NL42	9778.5 	10284.2 	10719.2 	11324.4 	11991.8 	12989.2 	13339.4 	12933.9 	13397.7 	13749.5 	14202.5 	15329.4 
NO01	: 	: 	: 	: 	: 	: 	: 	: 	17740.9 	: 	: 	: 
NO02	: 	: 	: 	: 	: 	: 	: 	: 	35835.0 	: 	: 	: 
NO03	: 	: 	: 	: 	: 	: 	: 	: 	5919.1 	: 	: 	: 
NO04	: 	: 	: 	: 	: 	: 	: 	: 	15022.1 	: 	: 	: 
NO05	: 	: 	: 	: 	: 	: 	: 	: 	14652.4 	: 	: 	: 
NO06	: 	: 	: 	: 	: 	: 	: 	: 	14180.2 	: 	: 	: 
NO07	: 	: 	: 	: 	: 	: 	: 	: 	14132.5 	: 	: 	: 
PL11	4331.0 	4812.0 	5152.5 	5423.5 	5616.7 	5892.7 	6201.3 	6297.7 	6706.6 	6919.5 	7421.2 	8258.7 
PL12	5486.7 	6137.0 	6686.3 	6937.8 	7450.0 	7843.9 	8094.6 	8077.7 	8546.5 	8721.5 	9165.8 	10247.5 
PL21	4208.9 	4636.9 	4985.3 	5137.6 	5355.2 	5495.4 	5741.3 	5716.1 	5996.0 	6131.9 	6507.7 	7210.0 
PL22	5103.6 	5521.3 	5890.9 	6244.0 	6464.5 	6782.1 	7042.8 	7148.2 	7483.7 	7711.0 	8128.8 	9114.0 
PL31	3833.6 	4205.1 	4443.2 	4542.3 	4613.4 	4942.6 	5107.3 	5182.7 	5452.3 	5522.1 	5857.4 	6609.6 
PL32	3495.2 	3878.5 	4153.3 	4361.0 	4502.3 	4708.2 	4809.9 	4856.7 	5075.7 	5213.5 	5573.7 	6231.5 
PL33	3725.6 	4123.1 	4421.2 	4715.0 	4965.5 	5156.9 	5406.6 	5572.8 	5826.5 	5906.4 	6345.6 	7113.3 
PL34	3669.7 	4065.3 	4310.1 	4459.7 	4762.2 	5164.2 	5263.3 	5276.5 	5750.2 	5783.3 	6183.2 	6853.2 
PL41	4347.6 	4840.9 	5260.4 	5600.6 	6038.4 	6386.8 	6441.6 	6552.6 	7144.6 	7184.8 	7563.8 	8349.1 
PL42	4530.9 	4956.7 	5215.5 	5601.6 	6065.9 	6273.8 	6430.1 	6407.8 	6818.8 	6952.6 	7347.0 	8143.9 
PL43	4253.4 	4709.3 	4942.5 	5200.6 	5406.4 	5628.5 	5743.0 	5714.5 	6160.2 	6306.1 	6678.1 	7508.0 
PL51	4435.6 	4873.7 	5171.1 	5497.1 	6017.8 	6365.9 	6589.3 	6535.3 	6846.1 	7027.6 	7426.6 	8301.8 
PL52	3957.5 	4361.7 	4628.4 	4488.7 	4735.2 	4950.0 	5131.1 	5189.3 	5602.4 	5753.6 	6104.4 	6999.7 
PL61	4191.3 	4600.6 	4946.0 	5089.4 	5383.3 	5740.3 	5950.8 	5909.7 	6370.9 	6449.8 	6823.7 	7595.5 
PL62	3464.3 	3838.9 	4076.9 	4654.3 	4945.5 	5053.3 	5165.8 	5315.3 	5720.8 	5845.4 	6187.6 	6827.5 
PL63	4305.2 	4752.8 	5056.7 	5262.4 	5516.3 	5879.6 	6003.5 	5992.4 	6376.5 	6490.2 	6933.7 	7861.7 
PT11	6578.4 	6770.1 	6900.6 	7354.0 	7866.0 	8153.7 	8124.8 	8304.7 	8470.5 	8939.8 	9309.9 	9470.3 
PT15	8182.7 	8411.1 	8585.5 	9330.3 	10066.4 	10525.8 	10514.8 	10998.4 	10922.3 	11518.2 	12026.7 	12082.0 
PT16	6900.7 	6959.4 	7226.6 	7903.1 	8504.9 	8817.8 	8752.9 	9129.4 	9255.0 	9775.0 	10196.7 	10275.2 
PT17	8999.7 	9646.3 	10156.0 	10891.2 	11673.9 	12033.0 	12377.8 	12680.1 	12852.3 	13732.9 	14110.7 	14373.8 
PT18	7127.0 	7401.3 	7502.3 	7878.8 	8537.7 	8653.6 	9023.5 	9387.3 	9569.5 	9964.4 	10488.7 	10586.4 
PT20	6503.6 	6759.2 	7087.8 	7757.5 	8463.4 	9011.6 	9111.0 	9474.0 	9577.1 	10218.5 	10623.0 	10739.6 
PT30	6968.4 	7373.3 	7647.2 	8197.0 	8759.2 	9139.8 	9809.6 	10329.7 	10746.3 	11171.4 	11569.6 	11350.9 
RO11	: 	: 	2323.9 	2570.1 	2866.3 	3365.3 	3395.1 	3186.1 	3979.4 	3949.2 	4293.8 	5000.8 
RO12	: 	: 	2364.4 	2583.2 	2981.4 	3322.6 	3481.0 	3344.9 	3980.2 	3909.9 	4269.4 	5015.4 
RO21	: 	: 	1784.6 	2012.5 	2279.1 	2772.8 	2701.3 	2434.0 	3244.2 	3219.6 	3577.2 	4064.4 
RO22	: 	: 	2275.8 	2524.9 	2802.5 	3264.9 	3134.6 	2944.1 	3971.5 	3777.3 	4184.5 	4669.7 
RO31	: 	: 	2099.7 	2214.6 	2459.9 	3074.7 	2939.2 	2791.5 	3709.6 	3601.2 	3913.9 	4478.5 
RO32	: 	: 	3081.7 	2917.9 	4120.0 	4399.2 	5193.7 	5064.8 	5699.3 	6890.5 	7707.5 	9296.3 
RO41	: 	: 	2060.3 	2387.3 	2732.6 	3335.3 	2928.8 	2883.1 	3820.2 	3669.0 	4100.9 	4705.5 
RO42	: 	: 	2657.7 	2954.6 	3274.7 	3993.1 	3872.3 	3828.4 	4592.1 	4551.6 	5028.3 	5757.0 
SE11	10825.2	11240.1	11473.8	12167.2	13334.0	14268.6	14770.1	14822.9	15144.6	15517.2	16181.6	17070.7
SE12	9072.7	9188.2	9520.1	10072.2	11076.7	11537.7	12095.7	12140.0	12780.6	13064.3	13555.4	14471.0
SE21	8923.2	8891.7	9231.6	9723.3	10613.3	11099.4	11551.2	11928.7	12290.8	12586.1	13280.3	14305.4
SE22	9348.9	9477.8	9773.0	10258.2	11161.1	11698.1	12216.2	12442.4	12904.5	13164.9	13779.9	14618.3
SE23	9325.8	9453.9	9743.2	10316.5	11139.7	11675.1	12224.2	12615.2	12936.3	13200.3	13902.5	14800.3
SE31	8749.7	8821.2	9060.2	9582.8	10375.8	10705.6	11216.4	11585.7	12061.8	12357.4	12803.5	13621.7
SE32	9024.9	9161.1	9348.2	9967.3	10825.7	11258.8	11852.7	12020.3	12643.5	12972.7	13538.4	14521.9
SE33	8578.4	8683.7	8924.8	9388.2	10117.6	10517.8	11024.6	11213.4	11811.9	12068.3	12579.5	13818.7
SI01	: 	: 	: 	: 	8311.3 	8714.1 	9305.6 	9320.4 	9910.2 	10530.4 	11018.3 	11621.1 
SI02	: 	: 	: 	: 	9712.0 	10211.9 	10824.5 	10766.6 	11414.7 	12016.3 	12497.7 	13064.7 
SK01	5870.6 	6759.6 	7356.1 	7591.1 	8004.6 	8833.2 	9496.8 	9126.1 	9982.7 	11867.3 	12195.1 	13749.3 
SK02	4315.0 	4754.5 	5012.5 	4978.6 	5228.2 	5799.9 	6292.1 	6008.7 	6436.3 	7000.6 	7742.1 	8797.3 
SK03	4085.3 	4572.4 	4856.5 	4921.9 	5149.8 	5628.7 	5949.6 	5733.0 	5959.7 	6790.0 	7298.4 	8637.0 
SK04	4107.1 	4585.8 	4808.8 	4811.1 	4962.0 	5369.0 	5598.3 	5373.1 	5574.5 	6201.9 	6718.1 	7389.6 
UKC1	10203.9	10900.8	10886.2	11139.5	12221.4	13019.0	13185.2	13576.1	14129.7	14427.1	14786.7	14569.3
UKC2	10180.1	11047.8	11225.1	11401.0	12305.4	13238.6	13456.2	13902.1	14534.0	14733.6	15319.5	15141.4
UKD1	11126.2	11788.8	12184.0	12601.7	13172.6	14594.6	14769.0	15284.9	15809.2	16514.0	16884.6	16639.0
UKD2	11901.3	13078.7	13226.2	14003.1	14826.6	15434.2	16142.9	16879.8	17554.9	18100.1	18456.7	18149.4
UKD3	10588.0	11335.2	11513.1	11973.2	13324.2	13850.2	14056.4	14426.8	14893.1	15190.3	15551.3	15448.7
UKD4	10583.6	11314.4	11454.4	11666.2	12715.4	13627.4	13744.6	14110.3	14567.9	15050.5	15267.1	15126.0
UKD5	10532.9	11216.4	11451.6	11772.2	12786.6	13491.3	13812.1	14237.7	14730.1	15056.2	15371.9	15279.0
UKE1	10505.6	11040.5	11366.4	11854.5	12737.7	13380.6	13752.6	14402.9	14824.3	15202.7	15518.4	15366.9
UKE2	12750.6	13323.7	13837.0	14596.1	14806.6	15630.8	16133.7	16648.6	17029.2	18099.6	18957.2	18602.9
UKE3	10077.4	10716.8	11003.0	11290.8	12477.2	13384.8	13575.4	14120.3	14638.7	14885.2	15112.6	14971.4
UKE4	10696.0	11392.8	11672.1	11906.6	13141.4	13822.2	14057.4	14554.3	15005.4	15272.8	15329.5	15124.4
UKF1	10541.4	11117.8	11403.2	11811.3	12703.1	13708.3	14079.2	14805.6	15236.5	15570.3	15942.8	15738.8
UKF2	11428.4	12363.1	12389.7	12720.5	13707.2	14620.9	14932.3	15748.3	16207.4	16643.7	16950.3	16686.4
UKF3	11569.1	12027.9	12190.8	12463.7	13256.4	14026.0	14358.6	15065.1	15362.1	15991.5	16316.8	16059.3
UKG1	12144.4	12762.7	13253.4	13726.7	14495.9	15732.7	16082.7	16638.5	17332.5	18017.4	18552.0	18236.9
UKG2	11073.1	11647.8	12065.6	12474.9	13225.1	14178.5	14438.5	15074.0	15357.3	15812.8	16341.1	16168.9
UKG3	10136.8	10715.6	11050.9	11361.7	12494.5	13206.2	13417.6	13718.1	14063.8	14177.7	14346.6	14240.0
UKH1	11687.5	12446.5	12584.0	13031.5	14264.9	15385.8	15653.4	16161.2	16414.3	16974.4	17210.9	16892.9
UKH2	13578.4	14723.0	15027.8	15245.9	16946.7	18377.5	18864.5	19317.8	19457.2	19840.1	20453.7	20085.9
UKH3	12573.5	13769.9	14006.8	14539.9	15698.6	17104.4	17452.8	17949.5	18190.1	18558.1	18848.3	18482.2
UKI1	15221.1	16539.3	17006.4	18060.6	21114.0	21506.1	20884.7	21646.1	22602.0	23833.8	25331.7	24732.8
UKI2	13418.1	14458.1	14893.6	15316.3	16888.0	17970.3	17969.8	18718.8	19148.0	19716.2	20381.9	20020.4
UKJ1	13832.6	15413.8	15794.8	16086.9	17860.1	18904.1	19144.1	19582.1	19797.5	20278.2	21185.8	20714.0
UKJ2	13868.3	15598.9	16132.7	16635.6	17962.5	19422.6	19654.5	19964.5	20163.0	20886.3	21740.7	21227.7
UKJ3	12113.1	13289.8	13597.8	13977.0	15169.1	16421.4	16668.5	17039.8	17349.8	17552.7	18132.5	17752.0
UKJ4	11908.2	13108.1	13324.3	13723.2	14958.5	16288.0	16602.0	16811.4	17101.2	17455.4	17921.0	17558.2
UKK1	12187.2	13236.4	13497.1	13926.0	15143.9	16158.3	16406.5	16969.8	17269.1	17649.6	18219.0	17911.2
UKK2	11836.8	12864.2	13149.9	13661.3	14547.5	15759.5	15977.8	16622.6	17129.0	17637.6	18360.4	18048.8
UKK3	10608.5	11295.9	11494.2	11704.5	12485.7	13754.5	14099.5	14458.1	14799.2	15241.4	15774.1	15424.4
UKK4	11219.0	12053.2	12244.0	12515.2	13457.4	14444.8	14691.0	15228.7	15503.9	16034.9	16486.5	16145.9
UKL1	10256.0	10815.0	10921.0	11210.1	12082.0	13027.3	13371.7	13866.6	14361.7	14777.4	15043.9	14864.4
UKL2	10772.6	11259.0	11282.2	11749.9	13033.4	13935.1	14376.1	14804.2	15449.7	15894.1	16133.0	15868.8
UKM2	11653.0	12380.2	12654.4	12994.0	13832.9	14971.4	15371.2	15830.6	16489.3	17004.7	17377.1	17032.2
UKM3	10762.8	11437.2	11619.6	11892.3	13076.9	14014.0	14363.6	14696.2	15178.7	15604.9	16038.0	15879.6
UKM5	:	:	:	:	:	:	16307.9	16620.7	17272.6	18434.9	19310.4	19031.3
UKM6	:	:	:	:	:	:	13229.5	13611.6	14244.5	14942.0	15406.5	15105.6
UKN0	10084.3	10837.5	10992.5	11252.0	12241.4	12850.5	13310.4	13877.8	14259.9	15025.9	15430.5	15189.7
