unit,geo\time	1996 	1997 	1998 	1999 	2000 	2001 	2002 	2003 	2004 	2005 	2006 	2007 
AT11	12382.3	12997.6	13710.6	14546.7	15452.9	15357.7	15826.4	16503.0	17749.0	18603.2	19764.1	20556.3
AT12	14566.4	15118.8	15933.8	16899.6	17948.3	17775.5	18040.8	18607.8	19295.3	20289.7	21483.4	22476.8
AT13	16562.1	17261.1	18026.9	18923.8	20061.4	19450.1	19540.6	19714.3	20101.3	20733.2	21657.1	22442.9
AT21	12582.0	13101.3	13742.9	14378.1	15375.0	15300.4	15604.5	16163.4	16821.9	17949.5	19037.0	20007.0
AT22	12971.5	13582.6	14287.5	15072.2	16107.0	15881.3	16279.1	16719.9	17318.4	18378.2	19491.9	20473.1
AT31	13997.1	14573.2	15326.4	16021.4	17083.7	16899.8	17189.6	17743.3	18678.3	19715.2	20999.7	21940.7
AT32	15054.0	15530.1	16261.4	17109.6	18188.1	17818.3	18109.3	18575.4	19271.8	20488.0	21565.9	22608.8
AT33	13953.3	14242.6	15041.4	15864.6	17037.5	16976.5	17613.2	18197.5	18839.2	19737.0	20725.0	21710.0
AT34	15251.5	15653.0	16748.6	17525.6	19161.0	18743.0	19163.1	19612.2	20262.1	21367.8	22561.7	23377.7
BE10	14761.4 	15436.4 	15672.6 	16286.9 	18053.7 	18566.4 	18749.8 	17805.8 	17817.2 	17899.1 	18391.2 	19114.3 
BE21	15791.5 	16324.2 	16659.8 	17381.0 	19250.4 	20070.0 	20520.3 	19516.6 	19844.4 	20408.9 	20939.6 	21685.8 
BE22	14030.2 	14389.3 	14642.2 	15325.9 	17165.3 	17828.5 	18218.9 	17442.7 	17798.0 	18271.3 	18892.6 	19530.2 
BE23	15885.1 	16517.3 	16840.6 	17611.0 	19511.9 	20230.3 	20755.3 	19777.4 	20220.6 	20890.5 	21467.4 	22400.8 
BE24	18822.9 	19648.3 	20113.1 	20971.6 	23114.5 	23995.2 	24630.0 	23552.7 	23999.2 	24704.6 	25308.3 	26356.4 
BE25	14761.2 	15245.7 	15480.7 	16076.0 	17937.6 	18451.5 	18870.7 	18008.7 	18488.1 	19062.9 	19665.2 	20413.8 
BE31	18115.0 	18914.9 	19234.0 	20202.2 	22105.9 	22725.2 	23273.7 	22105.0 	22516.1 	23115.4 	23699.9 	24532.2 
BE32	11685.0 	12052.6 	12221.3 	12739.1 	14130.2 	14489.9 	14849.9 	14190.5 	14330.3 	14786.0 	15309.0 	15937.7 
BE33	12733.9 	13150.3 	13277.5 	14037.3 	15203.5 	15699.1 	16154.0 	15405.7 	15760.2 	16067.1 	16549.7 	17148.3 
BE34	12702.7 	13182.2 	13213.7 	13710.1 	14382.6 	14973.3 	15325.8 	14839.7 	15572.5 	16204.3 	16993.0 	17650.0 
BE35	13418.5 	13895.9 	14061.8 	14842.9 	16103.6 	16615.7 	17135.6 	16370.0 	16646.8 	17201.7 	17820.8 	18527.6 
BG31	: 	: 	: 	: 	1854.8 	2084.4 	2047.5 	2398.9 	2784.2 	2509.5 	2787.1 	3405.8 
BG32	: 	: 	: 	: 	2052.6 	2399.2 	2684.8 	2701.8 	3095.0 	3322.0 	3530.6 	3808.1 
BG33	: 	: 	: 	: 	2202.2 	2305.9 	2426.4 	2902.2 	3323.7 	3215.8 	3585.4 	3889.5 
BG34	: 	: 	: 	: 	2427.6 	2435.7 	2711.5 	3077.1 	3483.1 	3391.8 	3781.0 	3865.5 
BG41	: 	: 	: 	: 	3202.2 	3575.6 	3601.1 	3850.1 	4587.8 	4562.0 	4843.6 	6268.1 
BG42	: 	: 	: 	: 	2385.7 	2273.9 	2343.5 	2767.6 	3020.6 	3119.7 	3255.0 	3558.1 
CZ01	8507.1 	9137.9 	9352.8 	9892.3 	10435.0 	11467.3 	11866.9 	12941.3 	13376.2 	14236.8 	15383.6 	16581.9 
CZ02	6811.5 	7058.9 	7267.9 	7626.0 	7836.9 	8317.4 	8792.0 	9619.6 	9923.6 	10588.3 	11435.1 	12622.7 
CZ03	6756.9 	7015.1 	6850.1 	7036.4 	7420.3 	7963.7 	7985.8 	8626.2 	9032.4 	9689.2 	10320.6 	11284.6 
CZ04	6514.5 	6727.9 	6554.5 	6659.8 	6880.4 	7316.4 	7242.0 	7818.4 	8056.0 	8592.7 	9192.3 	9796.9 
CZ05	6314.5 	6720.4 	6623.9 	6719.7 	7078.6 	7585.2 	7706.3 	8090.9 	8483.7 	9250.3 	9792.4 	10635.7 
CZ06	6230.7 	6426.7 	6393.3 	6563.8 	6842.8 	7428.6 	7545.3 	8087.4 	8613.6 	9255.5 	9740.1 	10972.6 
CZ07	6121.2 	6446.2 	6387.7 	6460.8 	6707.3 	7241.4 	7370.4 	7922.6 	8172.9 	8712.8 	9576.3 	10567.0 
CZ08	6518.6 	6566.5 	6370.1 	6409.6 	6534.5 	7093.0 	7109.8 	7485.1 	7879.5 	8719.2 	9090.5 	10025.2 
DE11	18400.4	19087.3	19777.8	20708.3	21671.7	22133.0	22122.8	22449.3	22837.4	23595.7	24634.1	25626.8
DE12	17134.0	17680.8	18237.2	19145.0	20123.2	20637.0	20618.2	20881.8	21182.6	21870.6	22824.8	23706.5
DE13	16281.6	16824.4	17340.2	18195.2	19041.2	19506.9	19600.3	20032.7	20478.1	21179.8	22092.9	22932.3
DE14	16923.4	17568.4	18197.2	19094.3	20030.0	20589.4	20513.0	20755.9	21052.0	21763.3	22704.3	23607.0
DE21	19557.9	20300.3	21206.7	22305.0	23350.1	23891.3	23760.5	24093.7	24524.1	25281.4	26413.7	27336.8
DE22	14858.6	15206.0	15621.7	16240.5	16848.5	17197.1	17291.3	17760.8	18406.7	19039.8	20095.9	21021.6
DE23	14898.0	15253.9	15665.1	16355.8	17077.9	17550.1	17543.0	17897.3	18369.8	19003.1	20007.6	20885.0
DE24	15564.8	15834.7	16200.2	16695.4	17221.6	17464.6	17481.9	17826.4	18268.6	19001.6	20134.6	21128.3
DE25	17016.1	17435.7	17974.9	18696.9	19442.8	19794.0	19747.7	20001.9	20368.9	21072.0	22144.8	23089.2
DE26	15734.1	16002.8	16372.9	17076.3	17791.4	18232.1	18286.8	18628.3	19094.6	19800.2	20896.8	21853.0
DE27	16106.7	16522.3	17021.1	17748.8	18492.2	18892.2	18929.4	19328.3	19870.5	20574.4	21681.7	22625.9
DE30	14639.7	14556.3	14561.9	15097.6	15393.9	15197.9	14936.3	14904.5	15099.6	15245.7	15741.6	16280.9
DE41	11392.5	11741.4	12051.0	12595.7	12990.0	13285.0	13269.2	13451.5	14006.9	14424.8	15140.8	15926.4
DE42	11831.6	12109.1	12366.1	12851.7	13359.2	13628.2	13681.8	13924.2	14499.8	14913.8	15647.6	16440.5
DE50	16700.2	17565.5	17983.6	18734.9	19587.3	19978.3	19483.1	19440.6	19351.0	20276.5	21151.9	21994.8
DE60	18981.1	19490.1	19953.3	20874.0	22089.8	22774.8	22995.8	23729.4	24371.6	25801.7	26209.9	27236.5
DE71	18401.7	18801.7	19251.5	20337.0	21378.5	21961.2	21980.3	22219.4	22488.8	22977.7	23929.7	24767.0
DE72	15061.3	15286.6	15697.7	16467.8	17086.5	17427.5	17548.4	17887.5	18254.3	18845.1	19756.7	20476.4
DE73	14220.0	14396.2	14626.5	15254.2	15799.1	16114.0	16315.2	16866.2	17244.9	17838.2	18687.2	19548.8
DE80	10626.3	10857.6	11097.8	11727.9	12173.6	12334.2	12259.4	12426.9	12843.4	13277.0	13766.4	14423.3
DE91	15008.9	15349.7	15654.6	16278.3	16819.6	16968.4	17232.2	17594.2	17781.8	18209.1	19035.4	19750.7
DE92	15884.7	16227.2	16533.3	17247.6	17895.1	18107.0	18022.6	18311.1	18609.3	19083.5	19915.4	20619.5
DE93	16314.0	16674.8	16910.7	17543.9	18216.6	18510.8	18236.5	18581.5	19059.0	19573.0	20398.5	21130.0
DE94	14279.4	14633.5	14877.8	15559.1	16228.1	16500.7	16284.6	16574.5	16922.4	17354.8	18058.8	18664.2
DEA1	17164.7	17680.9	18167.2	18867.9	19638.5	19971.8	19939.2	20129.1	20512.9	21157.3	21838.4	22596.4
DEA2	17159.0	17670.8	18129.7	18946.5	19842.0	20273.1	20224.2	20426.7	20850.1	21391.4	21963.8	22642.2
DEA3	15342.2	15839.5	16279.5	16902.7	17601.7	17954.5	17924.8	18133.6	18573.3	19123.9	19703.8	20345.9
DEA4	17181.2	17639.6	18053.0	18727.9	19480.1	19877.7	19635.9	19719.3	20046.3	20715.5	21415.5	22163.7
DEA5	15839.0	16279.3	16670.8	17321.1	18039.2	18394.4	18398.5	18654.9	19103.4	19786.0	20484.7	21246.9
DEB1	15208.3	15500.3	15798.1	16422.2	17156.7	17342.4	17498.5	17776.7	18151.6	18715.2	19502.8	20257.7
DEB2	13998.1	14314.3	14646.1	15283.5	16081.3	16461.5	16761.2	17261.5	17904.2	18568.2	19490.7	20316.4
DEB3	15821.5	16145.9	16541.5	17262.7	18168.3	18458.7	18661.6	18972.9	19418.8	19861.2	20588.9	21313.2
DEC0	13750.6	14110.7	14601.2	15578.9	16440.2	17067.1	16805.8	17187.0	17820.2	18467.0	19171.3	19980.5
DED1	10166.0	10412.9	10689.7	11311.2	11814.0	12106.2	12222.8	12451.9	12800.7	13057.7	13699.1	14385.9
DED2	10918.3	11128.6	11389.6	11948.3	12371.5	12589.5	12808.8	13138.5	13577.9	13775.5	14327.3	14960.5
DED3	10989.9	11175.6	11372.8	11916.3	12296.7	12481.6	12658.1	12953.3	13405.7	13590.6	14123.5	14716.5
DEE0	10311.9	10514.3	10787.0	11335.5	11652.2	11883.5	11964.3	12137.0	12548.5	12855.8	13428.4	14110.9
DEF0	16118.6	16438.0	16686.8	17127.2	17555.1	17746.8	17727.8	17694.3	17937.2	18508.4	19264.4	19986.8
DEG0	10292.5	10570.3	11060.0	11854.5	12324.6	12617.6	12710.3	12943.8	13304.0	13541.1	14108.2	14760.0
DK01	: 	: 	: 	: 	17167.9	: 	: 	: 	: 	18584.7	19896.2	20562.4
DK02	: 	: 	: 	: 	14730.5	: 	: 	: 	: 	16416.1	17423.6	17955.6
DK03	: 	: 	: 	: 	13929.9	: 	: 	: 	: 	15411.3	16626.5	17252.8
DK04	: 	: 	: 	: 	14287.4	: 	: 	: 	: 	16155.4	17394.6	18105.5
DK05	: 	: 	: 	: 	13558.0	: 	: 	: 	: 	14979.4	16167.0	16914.6
EE00	3130.5 	3656.3 	3849.4 	3823.7 	4375.9 	4599.3 	5123.6 	5671.8 	6191.2 	6966.9 	8060.3 	9249.2 
ES11	7939.6 	8410.8 	8870.9 	9266.9 	10035.1 	10688.9 	11353.7 	11532.5 	11862.8 	12788.8 	13724.6 	14645.9 
ES12	8442.1 	8938.9 	9472.0 	9677.9 	10766.0 	11559.1 	12237.9 	12449.1 	12730.1 	13836.9 	15023.2 	15912.5 
ES13	9270.0 	9701.0 	10472.5 	11094.5 	12131.1 	13054.3 	13961.3 	14082.2 	14344.0 	15517.2 	16509.9 	17264.4 
ES21	11925.1 	12682.7 	13580.5 	14396.4 	15907.4 	16937.1 	17831.1 	18062.0 	18352.4 	19563.3 	20899.2 	21988.4 
ES22	12209.8 	12932.8 	13592.4 	14172.7 	16685.8 	17625.0 	18514.1 	18625.4 	18944.9 	20105.6 	21258.3 	22326.4 
ES23	11055.5 	11821.1 	12464.6 	13140.2 	14643.9 	15445.5 	16010.0 	16180.3 	16133.5 	16900.4 	17964.2 	18321.8 
ES24	10792.1 	11363.4 	11806.4 	12302.0 	13874.4 	14667.3 	15705.6 	15829.1 	15972.1 	17003.0 	18201.8 	19017.4 
ES30	12802.3 	13487.6 	14494.4 	15345.5 	17588.8 	18546.7 	19137.0 	19026.6 	19316.2 	20492.6 	21751.9 	22462.8 
ES41	9261.2 	9750.9 	10178.0 	10628.4 	11618.0 	12430.6 	13203.6 	13391.5 	13690.5 	14673.9 	15706.3 	16641.3 
ES42	8029.1 	8429.7 	8981.1 	9270.3 	10095.7 	10846.4 	11575.3 	11698.0 	11831.1 	12547.1 	13263.6 	13954.3 
ES43	6408.0 	6778.1 	7262.0 	7737.7 	8363.3 	9015.1 	9589.5 	9802.8 	10008.1 	10853.7 	11642.0 	12363.1 
ES51	11878.9 	12375.2 	13028.4 	13749.4 	15585.2 	16359.6 	17112.5 	17229.5 	17377.8 	18366.4 	19315.3 	20016.0 
ES52	9337.6 	9940.4 	10598.1 	11154.6 	12491.3 	13159.3 	13741.7 	13678.3 	13732.5 	14420.7 	15170.9 	15656.7 
ES53	11683.4 	12564.4 	13143.5 	13658.2 	15757.6 	16469.8 	16902.6 	16432.8 	16676.1 	17521.7 	18354.1 	18808.0 
ES61	7265.8 	7670.2 	8069.5 	8490.4 	9367.4 	10020.8 	10625.7 	10889.7 	11145.2 	11920.2 	12605.7 	13148.7 
ES62	7704.1 	8337.1 	8865.3 	9247.3 	10449.6 	11122.7 	11799.9 	11856.3 	11941.3 	12774.9 	13365.1 	13971.2 
ES63	: 	: 	: 	: 	11647.2 	12174.1 	12876.3 	13456.6 	13861.3 	15055.1 	15911.3 	16435.4 
ES64	: 	: 	: 	: 	11782.3 	12313.0 	12863.5 	13119.0 	13808.9 	14864.1 	15886.2 	16346.7 
ES70	9278.2 	9764.1 	10410.0 	11191.4 	12149.0 	12730.0 	13324.9 	13361.2 	13315.0 	13966.1 	14572.7 	15120.0 
FI13	7762.3 	8298.3 	8701.7 	9097.1 	9745.7 	9997.1 	10422.5 	10593.5 	11378.5 	11715.9 	12388.1 	13684.2 
FI18	10368.8 	11148.0 	11966.3 	12937.9 	14071.9 	14464.6 	14916.7 	14974.6 	15904.1 	16426.6 	17116.0 	18496.7 
FI19	8712.1 	9375.7 	10005.7 	10436.2 	11239.4 	11569.4 	12043.2 	12103.4 	12963.6 	13306.3 	14071.8 	15420.5 
FI1A	8082.8 	8647.5 	9131.1 	9713.6 	10450.2 	10728.7 	11143.6 	11314.5 	12099.5 	12522.7 	13267.3 	14364.2 
FI20	11549.5 	12591.7 	13313.9 	14445.7 	15732.0 	15954.9 	16782.6 	16929.9 	18021.8 	17691.6 	17390.8 	18938.9 
FR10	17214.0 	18211.9 	19124.2 	20387.0 	22053.3 	23785.9 	24769.9 	23538.1 	24303.0 	24932.5 	25766.7 	27004.0 
FR21	11495.3 	11992.9 	12688.3 	13429.2 	14623.1 	15429.5 	15974.0 	15323.1 	16062.3 	16177.1 	16790.7 	17663.2 
FR22	11673.5 	12131.0 	12805.8 	13417.2 	14516.4 	15545.8 	16098.3 	15562.8 	16102.1 	16887.7 	17242.8 	18233.2 
FR23	11816.7 	12218.2 	12858.1 	13472.6 	14621.6 	15833.6 	16418.7 	15935.6 	16455.2 	17087.5 	17632.6 	18543.1 
FR24	12123.4 	12747.9 	13398.4 	14002.5 	15115.5 	16291.6 	16802.9 	16225.5 	16751.2 	17320.6 	17939.7 	18815.6 
FR25	11065.5 	11507.1 	11962.0 	12486.6 	13551.1 	14649.7 	15107.7 	14682.5 	15153.5 	15832.6 	16297.6 	17141.7 
FR26	11781.5 	12450.8 	12976.8 	13624.0 	14635.8 	15582.6 	16130.9 	15595.1 	16145.9 	16843.1 	17202.7 	18202.8 
FR30	9899.3 	10339.2 	11014.4 	11560.3 	12652.1 	13739.6 	14250.3 	13811.3 	14240.4 	14943.4 	15395.7 	16232.3 
FR41	11028.7 	11440.4 	12003.2 	12705.3 	13671.6 	15196.2 	15745.6 	15128.3 	15684.2 	16145.5 	17030.4 	17753.2 
FR42	12972.3 	13504.6 	14132.3 	14952.2 	16080.5 	17887.2 	18546.3 	17725.1 	18275.0 	18807.3 	18881.4 	20043.9 
FR43	11390.9 	11865.6 	12535.6 	13213.9 	14302.6 	15792.2 	16392.7 	15773.8 	16275.0 	16817.0 	17001.7 	17992.2 
FR51	11446.0 	11978.5 	12581.4 	13272.2 	14358.6 	15504.2 	15850.9 	15227.3 	15670.7 	16546.4 	17307.2 	17908.4 
FR52	11254.8 	11914.4 	12409.0 	13055.8 	14109.5 	15349.8 	15569.9 	14993.3 	15403.0 	16589.0 	16967.2 	17790.8 
FR53	10940.5 	11505.5 	12051.7 	12695.6 	13714.4 	14863.6 	15345.8 	14809.5 	15234.7 	15989.6 	16642.1 	17300.5 
FR61	11420.8 	12227.6 	12708.6 	13476.3 	14516.2 	15775.3 	16219.0 	15553.3 	16065.8 	17092.8 	17832.6 	18488.9 
FR62	11166.0 	11886.9 	12453.8 	13202.2 	14207.6 	15455.1 	15912.8 	15256.7 	15669.8 	16864.2 	17657.0 	18211.4 
FR63	10933.0 	11565.4 	12434.5 	12975.9 	14003.8 	15110.8 	15618.9 	15125.6 	15565.3 	16439.4 	16873.4 	17720.3 
FR71	12563.2 	13180.7 	13937.9 	14764.3 	15904.0 	17277.2 	17835.1 	17088.3 	17609.1 	18432.0 	19383.8 	20061.5 
FR72	11104.5 	11757.9 	12398.9 	13061.1 	14068.0 	15163.7 	15715.9 	15213.2 	15689.4 	16506.6 	16948.8 	17882.1 
FR81	10074.7 	10665.2 	11269.9 	11930.5 	12812.6 	13861.9 	14270.3 	13770.1 	14122.6 	14964.5 	15618.7 	16138.0 
FR82	11751.3 	12237.0 	12736.2 	13484.2 	14645.0 	15952.2 	16479.4 	15889.7 	16390.4 	17262.9 	17773.4 	18566.2 
FR83	9228.5 	9966.1 	10932.1 	11520.6 	12307.2 	13195.1 	13751.3 	13439.2 	13909.0 	14842.7 	15631.1 	15960.0 
FR91	6752.9 	: 	8059.9 	8582.2 	9159.7 	: 	: 	: 	: 	: 	: 	: 
FR92	7629.3 	: 	9100.5 	9565.9 	10241.6 	: 	: 	: 	: 	: 	: 	: 
FR93	6322.3 	: 	7792.0 	8074.0 	8310.9 	: 	: 	: 	: 	: 	: 	: 
FR94	6722.3 	: 	7432.5 	7906.1 	8580.1 	: 	: 	: 	: 	: 	: 	: 
GR11	6794.2 	7293.6 	7084.0 	8238.0 	8496.6 b	9178.6 	10119.3 	9607.1 	9700.4 	11014.8 	11401.5 	12463.2 
GR12	7945.7 	8253.2 	8194.4 	9023.6 	8865.3 b	9818.3 	10702.9 	10752.2 	10877.7 	11719.7 	12047.1 	13114.4 
GR13	12963.5 	14363.2 	14096.9 	14805.6 	15077.6 b	15830.8 	17402.5 	16546.4 	14103.1 	13136.9 	13613.6 	14961.3 
GR14	8038.0 	8533.5 	8285.6 	9133.8 	9029.3 b	9838.4 	10809.5 	10315.7 	10101.0 	11168.4 	11681.2 	13016.1 
GR21	8511.4 	9624.7 	9737.0 	10417.7 	10634.9 b	11399.1 	12266.6 	11478.1 	10450.2 	11146.1 	11699.2 	13127.6 
GR22	9302.3 	10164.4 	10508.0 	11209.1 	12173.5 b	12382.9 	13306.6 	12304.1 	10378.4 	10962.0 	11601.8 	13188.3 
GR23	7954.6 	8326.4 	8381.7 	9457.5 	9216.3 b	10194.2 	11127.3 	10459.1 	9473.2 	10090.6 	10558.1 	11766.5 
GR24	9241.5 	10746.8 	10429.5 	11525.8 	11645.6 b	12790.8 	14023.1 	13284.2 	11713.1 	12780.1 	13430.8 	15063.8 
GR25	7124.8 	7101.7 	7022.6 	7584.0 	7751.9 b	8347.9 	9124.7 	8854.2 	9515.9 	10059.8 	10603.2 	11888.9 
GR30	8876.5 	9475.0 	10274.9 	11297.5 	11630.8 b	12655.3 	13910.4 	13248.0 	15414.6 	15749.4 	16470.5 	18165.4 
GR41	7407.7 	7921.0 	8846.0 	9560.4 	10430.1 b	10554.7 	11443.6 	10812.3 	10851.6 	12051.8 	13046.1 	15133.1 
GR42	8970.3 	9747.6 	9922.0 	11736.3 	13792.6 b	14042.1 	15219.8 	14627.9 	12247.0 	12800.2 	13868.2 	15886.8 
GR43	9253.9 	9593.0 	9726.7 	10371.9 	10610.1 b	11046.2 	12004.2 	11842.3 	10508.5 	11616.0 	12258.3 	13810.7 
HU10	: 	: 	: 	: 	9425.4 	10319.4 	11290.9 	11788.7 	12591.4 	13376.9 	13309.2 	13092.9 
HU21	: 	: 	: 	: 	6373.6 	6964.0 	7550.0 	7535.4 	7715.1 	8052.5 	8789.8 	9025.7 
HU22	: 	: 	: 	: 	6948.0 	7128.0 	7760.5 	7605.6 	8143.3 	8092.2 	8453.4 	8636.7 
HU23	: 	: 	: 	: 	5223.6 	5396.4 	6031.2 	6126.1 	6143.4 	6414.9 	6954.5 	7141.9 
HU31	: 	: 	: 	: 	4572.7 	4930.4 	5427.6 	5483.7 	5589.2 	5888.3 	6325.0 	6497.3 
HU32	: 	: 	: 	: 	4347.8 	4702.3 	5165.7 	5214.7 	5215.6 	5571.7 	6133.8 	6349.1 
HU33	: 	: 	: 	: 	5127.3 	5554.9 	5782.7 	5870.9 	5887.6 	6153.4 	6621.4 	6841.9 
IE01	8268.4	8919.9	9862.7	10270.6	11317.4	12027.2	11453.2	12119.9	13069.2	13889.0	14540.7	15111.2
IE02	10203.2	10900.9	12166.8	12715.5	13738.8	14641.0	14484.0	15106.0	16422.9	17511.9	18386.0	19105.9
ITC1	16678.2 	17260.7 	17043.4 	17684.3 	18283.1 	18559.2 	18501.7 	18667.3 	19017.7 	19421.7 	20348.3 	21123.9 
ITC2	17093.1 	17596.5 	17609.2 	17824.9 	18839.2 	19530.7 	19338.6 	19343.8 	19635.4 	19721.8 	20374.2 	21197.2 
ITC3	14992.3 	15663.4 	15566.4 	15938.4 	16935.9 	17361.6 	17001.8 	17172.2 	17155.9 	17649.0 	18405.1 	19549.2 
ITC4	18507.9 	19152.2 	19099.3 	19656.4 	20558.7 	20885.8 	20852.0 	20764.7 	21169.1 	21686.6 	22488.1 	23402.8 
ITD1	19021.5 	19203.7 	19171.8 	19344.6 	20263.2 	21008.0 	21095.0 	20591.1 	21473.7 	21490.4 	22284.5 	23346.4 
ITD2	17040.6 	17347.9 	17199.4 	17743.5 	18655.7 	18731.2 	18978.4 	18715.2 	18516.1 	18762.1 	19437.7 	20469.7 
ITD3	16489.4 	17237.8 	17142.6 	17672.1 	18533.7 	18848.3 	18550.3 	18822.7 	19029.7 	19457.0 	20132.6 	20871.7 
ITD4	15882.6 	16492.7 	16405.5 	16951.9 	17913.6 	18257.9 	18184.0 	18493.8 	18589.2 	18939.0 	19907.1 	20877.7 
ITD5	18689.8 	19288.7 	19044.1 	19522.0 	20550.2 	20874.8 	20689.6 	20661.6 	20617.8 	21117.2 	22131.9 	23319.1 
ITE1	15809.9 	16306.5 	16095.7 	16645.9 	17562.3 	18074.9 	17845.4 	18085.1 	18192.8 	18598.9 	19360.6 	20274.6 
ITE2	13955.7 	14411.2 	14422.1 	15040.5 	15746.6 	16165.2 	15729.3 	15628.2 	16121.3 	16340.0 	16897.6 	17596.0 
ITE3	14938.0 	15388.0 	15112.1 	15576.5 	16266.0 	16698.5 	16604.5 	16711.6 	16969.6 	17441.9 	18280.9 	18923.9 
ITE4	15782.5 	16353.9 	16178.0 	16530.4 	17267.5 	17952.0 	18325.3 	18439.1 	18848.3 	19282.6 	19523.4 	20280.0 
ITF1	11791.1 	12100.4 	11906.7 	12089.6 	12916.4 	13622.7 	13439.5 	13247.0 	12931.7 	13529.3 	14170.4 	14887.9 
ITF2	9998.8 	10694.2 	10767.3 	11276.1 	11787.6 	12110.2 	11853.1 	12006.5 	12229.1 	12514.7 	13332.7 	13912.7 
ITF3	9000.7 	9409.6 	9527.3 	9772.3 	10357.0 	10782.9 	10852.6 	10860.9 	10832.5 	11221.7 	11611.9 	12107.7 
ITF4	9113.8 	9429.0 	9338.9 	9755.9 	10347.3 	10839.3 	10816.2 	10859.0 	10855.1 	11157.0 	11639.3 	12149.2 
ITF5	9245.5 	9764.1 	9915.9 	10475.3 	11005.5 	11079.0 	11303.7 	11439.3 	11555.3 	11916.6 	12589.7 	13186.3 
ITF6	8174.2 	8651.7 	8673.5 	9081.8 	9381.9 	9937.5 	9906.1 	10154.3 	10273.1 	10564.7 	11090.6 	11420.9 
ITG1	8735.6 	9151.9 	9151.9 	9438.5 	9981.2 	10456.8 	10347.4 	10422.2 	10470.4 	10952.6 	11409.1 	11764.3 
ITG2	9803.4 	10453.6 	10550.2 	10932.6 	11509.8 	12103.4 	12008.9 	12280.8 	12338.2 	12573.5 	13170.8 	13597.3 
LT00	3202.0 	3699.6 	4169.1 	4264.7 	4741.3 	4917.5 	5516.6 	6138.5 	6614.0 	7338.4 	8251.4 	8783.7 
LV00	2715.3 	3074.8 	3132.9 	3168.6 	3634.5 	4013.3 	4470.6 	4820.9 	5361.7 	6035.6 	7032.6 	8555.3 
NL11	11523.5 	12011.5 	12872.7 	13429.6 	14176.3 	14264.0 	15670.6 	15370.7 	15150.4 	15441.5 	16121.9 	17334.7 
NL12	11449.5 	11825.2 	12803.5 	13551.8 	14709.6 	14793.6 	15655.9 	14933.1 	16091.5 	16386.4 	17145.0 	18498.4 
NL13	12244.6 	12877.7 	13734.9 	14275.4 	14924.8 	15000.7 	16174.7 	15693.7 	15879.2 	16795.3 	17282.5 	18865.3 
NL21	11768.6 	12480.5 	13250.3 	13939.1 	14783.9 	14971.0 	16180.2 	15648.8 	16119.4 	16902.5 	17266.0 	18624.3 
NL22	12851.6 	13728.1 	14360.8 	15098.8 	16040.6 	16398.1 	17583.6 	17072.1 	17821.4 	18524.3 	19326.7 	21010.7 
NL23	12999.8 	13338.4 	14589.8 	15522.0 	16117.0 	16842.2 	18176.2 	18146.7 	18017.9 	18257.7 	18994.8 	20241.1 
NL31	14970.6 	16099.2 	17436.5 	18031.5 	19021.0 	19785.0 	21979.3 	20448.9 	20765.2 	22112.7 	22940.7 	24754.5 
NL32	14121.5 	14950.0 	16023.5 	16936.2 	18258.7 	18818.8 	20566.6 	19397.6 	19786.1 	20811.8 	21726.8 	23863.4 
NL33	13665.2 	14330.9 	15387.5 	15900.7 	16935.5 	17687.1 	19142.8 	18493.9 	18995.4 	19594.0 	20502.2 	22231.2 
NL34	12708.4 	13258.6 	14263.1 	14022.8 	15703.1 	15251.5 	16487.1 	16153.8 	17334.1 	17743.7 	18496.5 	19739.4 
NL41	13330.9 	14089.2 	14785.1 	15508.2 	16926.4 	17001.2 	18107.9 	17399.3 	18286.2 	18908.9 	19840.9 	21516.0 
NL42	12195.3 	12775.7 	13583.3 	14284.5 	15256.8 	15544.8 	16355.0 	15848.7 	15724.7 	16183.6 	16792.3 	18194.2 
PL11	4292.1 	4738.5 	5103.8 	5299.9 	5560.4 	5782.6 	6007.3 	6011.9 	6510.5 	6692.8 	7168.9 	8165.2 
PL12	6204.8 	6874.8 	7588.4 	7895.9 	8580.2 	9027.8 	9223.2 	9087.4 	9618.3 	10026.1 	10646.9 	12182.4 
PL21	4150.9 	4530.9 	4926.4 	5065.0 	5340.6 	5437.0 	5633.6 	5512.9 	5833.8 	6015.7 	6434.4 	7265.6 
PL22	5412.9 	5762.8 	6196.7 	6377.8 	6641.9 	6816.3 	6961.9 	6920.0 	7281.9 	7524.2 	7930.5 	9090.2 
PL31	3659.1 	3965.1 	4203.6 	4239.6 	4363.0 	4659.5 	4747.1 	4757.1 	5074.4 	5144.5 	5452.5 	6239.2 
PL32	3395.2 	3742.9 	4050.8 	4194.6 	4366.6 	4541.9 	4579.3 	4582.9 	4839.9 	4953.8 	5313.6 	6014.4 
PL33	3492.7 	3836.3 	4152.3 	4475.0 	4775.4 	4903.6 	5065.6 	5132.6 	5476.5 	5498.6 	5915.6 	6736.0 
PL34	3681.1 	4038.3 	4296.7 	4318.9 	4661.4 	5039.5 	5079.2 	5037.1 	5530.2 	5587.7 	5999.9 	6771.7 
PL41	4466.2 	4948.0 	5439.5 	5740.0 	6239.9 	6516.3 	6521.1 	6541.4 	7196.3 	7315.2 	7759.5 	8819.2 
PL42	4706.4 	5115.1 	5379.1 	5778.8 	6182.8 	6367.4 	6391.9 	6250.0 	6715.0 	6859.1 	7286.5 	8192.8 
PL43	4353.2 	4796.3 	5035.9 	5181.2 	5417.9 	5607.7 	5597.6 	5482.0 	5985.3 	6169.7 	6585.2 	7545.7 
PL51	4564.3 	4966.0 	5292.6 	5582.8 	6142.0 	6453.8 	6589.9 	6431.3 	6806.0 	7054.7 	7519.1 	8610.3 
PL52	4112.2 	4495.7 	4778.2 	4604.0 	4820.5 	4985.0 	5057.8 	5014.4 	5414.8 	5605.4 	5972.6 	6994.8 
PL61	4269.2 	4649.1 	5033.6 	5116.5 	5425.6 	5762.2 	5882.4 	5736.9 	6229.0 	6312.0 	6711.5 	7588.9 
PL62	3553.2 	3911.9 	4171.7 	4617.7 	4864.8 	4962.4 	5014.7 	5086.3 	5517.2 	5624.6 	5992.9 	6680.6 
PL63	4471.4 	4908.0 	5245.1 	5478.4 	5783.1 	6119.6 	6153.4 	6017.3 	6445.8 	6651.9 	7166.1 	8302.2 
PT11	6766.2 	6991.4 	7096.4 	7594.2 	8032.6 	8278.7 	8238.7 	8370.8 	8473.2 	8959.7 	9236.8 	9434.0 
PT15	8432.1 	8649.6 	8778.5 	9481.1 	10374.1 	10910.8 	10967.9 	11496.3 	11425.0 	12148.2 	12482.9 	12643.1 
PT16	6733.1 	6861.1 	7082.4 	7687.4 	8212.4 	8470.3 	8458.0 	8833.2 	8966.2 	9534.7 	9767.6 	9839.3 
PT17	10383.5 	11031.3 	11537.5 	12420.9 	13560.5 	13852.2 	14086.5 	14327.8 	14308.7 	15447.6 	15839.7 	16251.3 
PT18	7098.3 	7368.7 	7427.9 	7748.9 	8414.0 	8511.3 	8850.6 	9101.9 	9255.1 	9654.0 	9934.9 	10010.5 
PT20	6779.3 	6953.6 	7247.7 	7969.6 	8594.4 	9053.8 	9362.0 	9694.4 	9911.2 	10564.3 	10862.1 	10981.5 
PT30	6842.5 	7242.3 	7665.9 	8305.4 	8959.0 	9330.6 	9753.9 	10586.3 	10985.0 	11677.8 	11905.8 	11857.7 
RO11	: 	: 	2399.4 	2583.4 	2871.8 	3435.0 	3346.9 	3199.2 	3817.0 	4040.4 	4448.2 	5191.2 
RO12	: 	: 	2476.9 	2661.4 	3045.7 	3457.3 	3502.3 	3404.3 	3961.7 	4093.5 	4595.7 	5401.1 
RO21	: 	: 	1778.4 	1957.3 	2208.6 	2693.9 	2550.2 	2358.5 	2742.0 	2880.2 	3167.8 	3576.6 
RO22	: 	: 	2448.9 	2587.8 	2822.7 	3334.9 	3129.3 	2959.9 	3704.3 	3725.6 	4153.4 	4603.4 
RO31	: 	: 	2145.9 	2179.6 	2368.1 	3042.0 	2815.8 	2715.8 	3317.3 	3414.9 	3716.1 	4224.2 
RO32	: 	: 	3535.8 	3742.2 	5194.1 	5900.1 	5928.3 	5905.6 	7001.6 	8734.6 	10189.3 	12204.1 
RO41	: 	: 	2144.6 	2390.5 	2712.8 	3348.0 	2868.6 	2864.7 	3378.8 	3400.4 	3798.0 	4348.9 
RO42	: 	: 	2779.3 	3013.7 	3345.4 	4174.4 	3932.5 	3937.0 	4723.0 	4893.5 	5518.7 	6325.0 
SE11	14985.6	15871.8	16523.1	17462.7	20337.3	20810.2	20630.1	20672.7	21281.4	22109.1	23242.5	25010.4
SE12	11278.8	11670.1	12204.7	12780.1	14667.5	14905.0	15214.3	15259.0	15975.8	16617.0	17193.6	18683.1
SE21	11116.2	11382.5	11883.4	12432.0	14141.4	14339.9	14550.5	14899.3	15423.3	16075.0	16870.3	18508.0
SE22	11374.7	11744.8	12239.0	12750.0	14515.0	14745.0	14981.9	15230.7	15825.4	16411.6	17318.1	18747.8
SE23	11739.6	12129.2	12673.7	13263.8	15016.7	15371.8	15709.7	16158.9	16687.7	17327.2	18301.0	19842.4
SE31	10497.9	10723.4	11076.5	11515.8	12965.9	13048.2	13349.4	13777.0	14385.4	15006.7	15617.9	17046.7
SE32	10871.7	11159.1	11418.4	11964.2	13543.7	13758.5	14110.3	14263.7	15046.6	15712.5	16301.7	17688.4
SE33	10453.1	10691.6	11066.6	11427.2	12782.4	12853.6	13066.3	13400.6	14148.2	14724.5	15516.3	17224.7
SI01	: 	: 	: 	: 	8711.8 	9104.7 	9752.3 	9751.1 	10425.6 	11052.3 	11740.0 	12515.1 
SI02	: 	: 	: 	: 	10839.5 	11409.6 	12138.0 	12157.4 	12898.6 	13512.3 	14195.8 	14937.1 
SK01	8021.4 	9079.4 	9694.3 	9808.3 	10209.1 	11363.2 	12474.9 	11844.3 	12391.2 	14944.5 	15828.8 	17811.9 
SK02	4703.2 	5225.0 	5437.4 	5333.5 	5657.7 	6187.7 	6728.0 	6540.9 	6821.6 	7605.5 	8501.6 	9642.8 
SK03	4396.4 	4963.3 	5203.7 	5122.3 	5377.5 	5858.7 	6217.4 	6062.1 	6135.0 	7042.0 	7696.1 	9075.4 
SK04	4279.5 	4829.6 	5011.5 	4843.5 	4990.1 	5386.7 	5546.0 	5517.3 	5667.2 	6168.2 	6767.6 	7441.0 
UKC1	10206.6	10965.2	11095.2	11382.3	12505.3	13258.9	13348.4	13733.4	14590.0	15108.3	15427.9	15450.3
UKC2	10061.7	11008.8	11419.6	11664.6	12619.8	13492.3	13633.5	14136.5	15094.5	15571.6	16200.2	16301.5
UKD1	11497.6	12129.5	12912.9	13181.8	13827.9	15227.1	15041.9	15602.3	16513.9	17311.4	17537.3	17609.2
UKD2	13173.4	14467.3	14790.7	15748.7	16676.4	17353.3	17979.8	18890.5	20300.1	21084.3	21480.3	21546.1
UKD3	11074.8	11991.0	12449.2	13178.0	14692.2	15166.1	15183.6	15589.6	16373.7	16891.7	17320.0	17401.9
UKD4	10831.1	11552.1	11875.2	12168.7	13138.8	14049.4	14176.3	14518.4	15259.2	15919.3	16045.7	16174.2
UKD5	9919.0	10647.2	11126.1	11573.5	12604.6	13384.4	13590.4	14035.4	14789.7	15329.4	15565.6	15687.1
UKE1	10813.1	11297.8	11867.0	12418.9	13342.4	14081.6	14372.9	15087.8	15780.4	16339.2	16657.0	16741.7
UKE2	13516.3	14074.8	14930.5	15828.9	16262.0	17155.8	17537.1	18112.5	18930.6	20173.8	21137.9	21122.2
UKE3	10237.2	11014.3	11631.4	12038.1	13309.0	14172.3	14276.8	14933.4	15761.5	16180.3	16405.0	16483.2
UKE4	11423.8	12224.8	12843.2	13165.3	14464.3	15251.5	15383.3	15873.8	16586.9	16987.2	17072.9	17065.5
UKF1	11203.3	11707.9	12350.0	12933.9	13716.6	14592.7	15012.2	15958.4	16709.2	17168.9	17650.2	17720.4
UKF2	12837.1	13819.7	14025.1	14554.4	15746.7	16733.1	16999.0	18009.8	18885.9	19512.3	20068.2	20033.7
UKF3	12102.0	12486.8	12835.5	13273.9	14325.2	15097.4	15154.0	16087.5	16519.2	17370.7	17697.0	17652.5
UKG1	13331.2	13902.8	14673.6	15266.2	16264.3	17660.4	17997.7	18648.2	19840.0	20875.5	21492.7	21487.1
UKG2	11951.1	12463.4	13119.8	13663.2	14525.1	15501.6	15680.4	16423.4	16865.9	17507.8	18166.2	18217.6
UKG3	10656.9	11436.1	12071.0	12525.7	13720.9	14409.8	14421.2	14582.6	15150.6	15341.4	15403.7	15457.9
UKH1	12586.5	13226.4	13610.9	14273.8	15794.1	16979.0	17074.0	17695.6	18238.2	19101.2	19273.6	19215.7
UKH2	16005.1	17335.5	18074.0	18517.8	20808.9	22450.1	22866.4	23436.5	24122.0	24622.4	25495.8	25474.3
UKH3	14186.7	15528.4	16304.9	17094.8	18511.7	20123.7	20215.5	20746.6	21372.6	21816.8	22203.2	22130.0
UKI1	17533.9	19040.8	20336.9	22315.1	27205.5	27606.6	26291.8	27498.4	29652.7	32066.8	35017.1	34841.8
UKI2	15255.7	16543.0	17581.5	18294.6	20369.4	21702.8	21535.1	22611.6	23510.8	24436.7	25295.4	25296.8
UKJ1	16334.6	18015.1	18898.7	19515.4	22008.6	23473.0	23620.7	24051.3	24713.0	25614.1	27135.1	27037.5
UKJ2	15056.8	16832.4	17848.7	18809.5	20587.4	22154.0	22256.5	22647.9	23383.3	24383.4	25714.4	25639.9
UKJ3	13253.5	14535.1	15222.8	15781.2	17245.7	18573.4	18869.9	19293.5	19974.2	20186.1	20900.0	20847.0
UKJ4	12918.8	14208.5	14770.1	15459.0	16972.8	18327.3	18637.7	18911.7	19596.3	20108.0	20668.9	20618.9
UKK1	13129.8	14308.2	14936.6	15604.7	17098.8	18284.5	18472.0	19191.9	19847.7	20481.6	21142.1	21141.7
UKK2	11730.1	12719.1	13315.8	13962.2	14986.8	16170.5	16286.1	17092.4	17963.7	18570.2	19351.4	19378.9
UKK3	10205.9	10862.3	11278.6	11457.8	12122.5	13072.6	13228.4	13685.8	14380.9	14931.3	15527.9	15404.4
UKK4	10651.0	11356.5	11766.7	12023.2	13157.0	14162.7	14207.6	14783.9	15424.4	16147.2	16595.8	16520.7
UKL1	9695.8	10201.5	10494.8	10886.5	11567.9	12505.6	12636.9	13187.6	13888.7	14410.7	14558.4	14610.4
UKL2	11260.3	11749.3	11995.8	12631.4	13741.2	14670.8	14859.6	15427.6	16503.9	17129.9	17162.3	17177.5
UKM2	12628.6	13302.1	13829.2	14340.0	15296.9	16535.4	16832.1	17322.2	18484.4	19286.8	19798.5	19781.3
UKM3	10969.3	11680.4	12156.1	12582.6	13916.9	14882.1	15082.6	15464.6	16211.6	16945.4	17516.1	17583.4
UKM5	:	:	:	:	:	:	19211.5	19525.9	20690.2	22295.0	24052.5	24035.4
UKM6	:	:	:	:	:	:	13561.0	13960.8	14887.0	15842.0	16453.1	16435.4
UKN0	9914.7	10695.0	11051.3	11332.5	12460.1	13140.8	13299.0	13962.6	14757.8	15465.3	16047.3	15988.3
