GEO,T-Y15-24,F-Y15-24,M-Y15-24,T-Y-GE25,F-Y-GE25,M-Y-GE25
EU27,20.9,20.1,21.7,8.3,8.4,8.2
EU27,20.9,20.1,21.7,8.3,8.4,8.2
EU25,20.9,20.0,21.6,8.3,8.4,8.2
EU25,20.9,20.0,21.6,8.4,8.5,8.3
EU15,20.3,19.3,21.1,8.4,8.5,8.3
EU15,20.3,19.3,21.1,8.2,8.4,8.2
NMS10,24.8,25.2,24.5,8.2,8.4,8.2
NMS10,24.8,25.2,24.5,9.1,9.3,8.9
EA13,20.5,19.9,20.9,9.1,9.3,8.9
EA13,20.5,19.9,20.9,8.8,9.1,8.6
EA12,20.5,20.0,20.9,8.8,9.1,8.6
EA12,20.5,20.0,20.9,8.8,9.2,8.6
EA11,20.2,19.5,20.8,8.8,9.2,8.6
EA11,20.2,19.5,20.8,8.8,9.0,8.6
BE,22.4,22.4,22.4,8.8,9.0,8.6
BE,22.4,22.4,22.4,6.9,7.2,6.7
BE1,39.7,38.9,40.4,6.9,7.2,6.7
BE1,39.7,38.9,40.4,15.5,16.2,15.0
BE10,39.7,38.9,40.4,15.5,16.2,15.0
BE10,39.7,38.9,40.4,15.5,16.2,15.0
BE2,15.6,15.8,15.4,15.5,16.2,15.0
BE2,15.6,15.8,15.4,4.2,4.1,4.2
BE21,18.2,16.2,19.8,4.2,4.1,4.2
BE21,18.2,16.2,19.8,4.9,4.8,5.1
BE22,17.4,19.0,16.1,4.9,4.8,5.1
BE22,17.4,19.0,16.1,4.1,3.9,4.2
BE23,15.7,15.7,15.7,4.1,3.9,4.2
BE23,15.7,15.7,15.7,4.2,3.6,4.7
BE24,15.1,14.0,16.0,4.2,3.6,4.7
BE24,15.1,14.0,16.0,4.1,4.3,3.8
BE25,11.0,14.5,8.0,4.1,4.3,3.8
BE25,11.0,14.5,8.0,3.1,3.5,2.7
BE3,30.0,30.1,29.9,3.1,3.5,2.7
BE3,30.0,30.1,29.9,9.5,10.3,8.8
BE31,27.1,22.8,31.1,9.5,10.3,8.8
BE31,27.1,22.8,31.1,6.9,8.0,6.0
BE32,35.9,36.4,35.5,6.9,8.0,6.0
BE32,35.9,36.4,35.5,11.5,12.8,10.4
BE33,27.3,29.7,25.5,11.5,12.8,10.4
BE33,27.3,29.7,25.5,9.9,9.8,10.0
BE34,19.9,16.5,22.5,9.9,9.8,10.0
BE34,19.9,16.5,22.5,6.0,7.0,5.2
BE35,28.0,26.8,28.9,6.0,7.0,5.2
BE35,28.0,26.8,28.9,7.7,9.3,6.4
BG,23.2,21.7,24.1,7.7,9.3,6.4
BG,23.2,21.7,24.1,9.1,8.6,9.6
BG3,25.0,23.8,25.9,9.1,8.6,9.6
BG3,25.0,23.8,25.9,10.8,10.2,11.4
BG31,23.5,16.3,28.6,10.8,10.2,11.4
BG31,23.5,16.3,28.6,10.0,9.3,10.7
BG32,24.5,27.5,22.6,10.0,9.3,10.7
BG32,24.5,27.5,22.6,10.3,9.0,11.5
BG33,25.8,23.7,27.3,10.3,9.0,11.5
BG33,25.8,23.7,27.3,13.5,13.0,13.8
BG34,25.7,26.1,25.5,13.5,13.0,13.8
BG34,25.7,26.1,25.5,9.4,9.3,9.4
BG4,21.3,19.8,22.4,9.4,9.3,9.4
BG4,21.3,19.8,22.4,7.5,7.1,7.8
BG41,15.2,14.3,15.9,7.5,7.1,7.8
BG41,15.2,14.3,15.9,6.0,5.8,6.3
BG42,31.8,30.4,32.6,6.0,5.8,6.3
BG42,31.8,30.4,32.6,9.7,9.2,10.2
CZ,18.3,18.5,18.2,9.7,9.2,10.2
CZ,18.3,18.5,18.2,6.4,7.7,5.3
CZ0,18.3,18.5,18.2,6.4,7.7,5.3
CZ0,18.3,18.5,18.2,6.4,7.7,5.3
CZ01,8.8,4.0,12.3,6.4,7.7,5.3
CZ01,8.8,4.0,12.3,3.4,4.1,2.9
CZ02,16.0,18.9,14.3,3.4,4.1,2.9
CZ02,16.0,18.9,14.3,4.3,5.4,3.5
CZ03,15.6,15.6,15.6,4.3,5.4,3.5
CZ03,15.6,15.6,15.6,4.7,5.9,3.8
CZ04,26.4,26.6,26.3,4.7,5.9,3.8
CZ04,26.4,26.6,26.3,9.4,12.2,7.4
CZ05,20.8,24.1,18.8,9.4,12.2,7.4
CZ05,20.8,24.1,18.8,5.8,7.5,4.6
CZ06,16.6,14.2,18.3,5.8,7.5,4.6
CZ06,16.6,14.2,18.3,6.7,7.7,6.0
CZ07,19.9,23.5,17.5,6.7,7.7,6.0
CZ07,19.9,23.5,17.5,7.9,9.8,6.5
CZ08,20.0,18.8,20.8,7.9,9.8,6.5
CZ08,20.0,18.8,20.8,9.3,10.2,8.6
DK,13.8,11.7,15.8,9.3,10.2,8.6
DK,13.8,11.7,15.8,6.2,5.6,6.9
DK0,13.8,11.7,15.8,6.2,5.6,6.9
DK0,13.8,11.7,15.8,6.2,5.6,6.9
DK01,14.3,12.0,16.7,6.2,5.6,6.9
DK01,14.3,12.0,16.7,6.6,6.2,6.9
DK02,15.3,11.2,19.1,6.6,6.2,6.9
DK02,15.3,11.2,19.1,5.3,4.8,5.7
DK03,13.6,11.9,15.1,5.3,4.8,5.7
DK03,13.6,11.9,15.1,6.5,5.4,7.4
DK04,13.3,12.6,13.9,6.5,5.4,7.4
DK04,13.3,12.6,13.9,6.0,5.1,6.8
DK05,11.5,8.2,14.5,6.0,5.1,6.8
DK05,11.5,8.2,14.5,6.7,6.0,7.2
DE,9.9,8.8,10.9,6.7,6.0,7.2
DE,9.9,8.8,10.9,6.7,6.3,7.1
DE1,7.0,6.6,7.4,6.7,6.3,7.1
DE1,7.0,6.6,7.4,4.5,4.5,4.5
DE11,7.1,6.1,8.1,4.5,4.5,4.5
DE11,7.1,6.1,8.1,4.7,5.0,4.5
DE12,8.9,9.6,8.3,4.7,5.0,4.5
DE12,8.9,9.6,8.3,4.9,4.7,5.0
DE13,5.4,5.1,5.7,4.9,4.7,5.0
DE13,5.4,5.1,5.7,3.8,3.8,3.7
DE14,6.2,5.6,6.7,3.8,3.8,3.7
DE14,6.2,5.6,6.7,4.3,4.1,4.5
DE2,6.5,5.8,7.2,4.3,4.1,4.5
DE2,6.5,5.8,7.2,4.1,4.2,4.0
DE21,5.1,3.8,6.3,4.1,4.2,4.0
DE21,5.1,3.8,6.3,3.4,3.2,3.6
DE22,6.4,6.7,6.2,3.4,3.2,3.6
DE22,6.4,6.7,6.2,3.5,3.3,3.7
DE23,5.5,5.1,5.8,3.5,3.3,3.7
DE23,5.5,5.1,5.8,3.8,3.9,3.7
DE24,9.3,8.5,9.9,3.8,3.9,3.7
DE24,9.3,8.5,9.9,5.5,6.0,5.2
DE25,8.9,8.3,9.5,5.5,6.0,5.2
DE25,8.9,8.3,9.5,5.1,5.1,5.1
DE26,8.5,7.8,9.0,5.1,5.1,5.1
DE26,8.5,7.8,9.0,4.7,4.9,4.6
DE27,5.5,5.1,5.9,4.7,4.9,4.6
DE27,5.5,5.1,5.9,4.1,4.8,3.4
DE3,16.7,14.7,18.9,4.1,4.8,3.4
DE3,16.7,14.7,18.9,12.8,11.2,14.2
DE30,16.7,14.7,18.9,12.8,11.2,14.2
DE30,16.7,14.7,18.9,12.8,11.2,14.2
DE4,14.6,14.0,15.1,12.8,11.2,14.2
DE4,14.6,14.0,15.1,9.4,8.6,10.1
DE41,16.8,15.6,17.8,9.4,8.6,10.1
DE41,16.8,15.6,17.8,10.6,9.7,11.4
DE42,12.8,12.5,13.0,10.6,9.7,11.4
DE42,12.8,12.5,13.0,8.5,7.7,9.1
DE5,8.8,7.8,9.8,8.5,7.7,9.1
DE5,8.8,7.8,9.8,8.0,5.8,9.9
DE50,8.8,7.8,9.8,8.0,5.8,9.9
DE50,8.8,7.8,9.8,8.0,5.8,9.9
DE6,7.4,6.7,8.2,8.0,5.8,9.9
DE6,7.4,6.7,8.2,7.1,6.4,7.6
DE60,7.4,6.7,8.2,7.1,6.4,7.6
DE60,7.4,6.7,8.2,7.1,6.4,7.6
DE7,11.1,10.0,12.2,7.1,6.4,7.6
DE7,11.1,10.0,12.2,5.2,5.1,5.4
DE71,10.5,8.4,12.7,5.2,5.1,5.4
DE71,10.5,8.4,12.7,5.3,5.0,5.5
DE72,13.1,13.7,12.7,5.3,5.0,5.5
DE72,13.1,13.7,12.7,5.1,4.9,5.2
DE73,11.0,11.6,10.5,5.1,4.9,5.2
DE73,11.0,11.6,10.5,5.3,5.6,5.1
DE8,13.4,9.9,16.1,5.3,5.6,5.1
DE8,13.4,9.9,16.1,12.3,10.7,13.6
DE80,13.4,9.9,16.1,12.3,10.7,13.6
DE80,13.4,9.9,16.1,12.3,10.7,13.6
DE9,10.5,9.1,11.6,12.3,10.7,13.6
DE9,10.5,9.1,11.6,6.0,5.5,6.4
DE91,10.3,9.0,11.5,6.0,5.5,6.4
DE91,10.3,9.0,11.5,6.8,6.8,6.9
DE92,11.7,9.9,13.4,6.8,6.8,6.9
DE92,11.7,9.9,13.4,6.6,5.8,7.3
DE93,10.9,11.7,10.4,6.6,5.8,7.3
DE93,10.9,11.7,10.4,5.1,5.2,5.1
DE94,9.4,7.0,11.3,5.1,5.2,5.1
DE94,9.4,7.0,11.3,5.6,4.7,6.3
DEA,10.9,9.4,12.2,5.6,4.7,6.3
DEA,10.9,9.4,12.2,7.1,6.2,7.8
DEA1,11.7,10.2,13.1,7.1,6.2,7.8
DEA1,11.7,10.2,13.1,7.3,6.2,8.1
DEA2,10.5,9.5,11.4,7.3,6.2,8.1
DEA2,10.5,9.5,11.4,6.7,6.3,7.0
DEA3,9.1,8.1,10.0,6.7,6.3,7.0
DEA3,9.1,8.1,10.0,6.4,5.5,7.1
DEA4,10.5,8.0,12.8,6.4,5.5,7.1
DEA4,10.5,8.0,12.8,6.7,5.9,7.3
DEA5,12.0,10.4,13.3,6.7,5.9,7.3
DEA5,12.0,10.4,13.3,7.9,6.6,9.0
DEB,9.4,7.9,10.7,7.9,6.6,9.0
DEB,9.4,7.9,10.7,5.0,4.9,5.1
DEB1,6.6,5.2,7.7,5.0,4.9,5.1
DEB1,6.6,5.2,7.7,5.0,5.0,4.9
DEB2,6.9,4.7,9.2,5.0,5.0,4.9
DEB2,6.9,4.7,9.2,3.7,3.3,3.9
DEB3,12.6,11.2,13.9,3.7,3.3,3.9
DEB3,12.6,11.2,13.9,5.3,5.1,5.5
DEC,9.6,6.8,12.2,5.3,5.1,5.5
DEC,9.6,6.8,12.2,6.7,6.1,7.2
DEC0,9.6,6.8,12.2,6.7,6.1,7.2
DEC0,9.6,6.8,12.2,6.7,6.1,7.2
DED,12.7,12.2,13.2,6.7,6.1,7.2
DED,12.7,12.2,13.2,11.1,10.4,11.7
DED1,11.5,10.1,12.5,11.1,10.4,11.7
DED1,11.5,10.1,12.5,11.4,11.2,11.6
DED2,12.1,11.2,12.9,11.4,11.2,11.6
DED2,12.1,11.2,12.9,10.1,9.5,10.6
DED3,15.1,15.8,14.6,10.1,9.5,10.6
DED3,15.1,15.8,14.6,12.1,10.7,13.2
DEE,13.1,12.1,13.8,12.1,10.7,13.2
DEE,13.1,12.1,13.8,11.2,10.6,11.7
DEE0,13.1,12.1,13.8,11.2,10.6,11.7
DEE0,13.1,12.1,13.8,11.2,10.6,11.7
DEF,10.3,9.4,11.0,11.2,10.6,11.7
DEF,10.3,9.4,11.0,6.3,5.3,7.2
DEF0,10.3,9.4,11.0,6.3,5.3,7.2
DEF0,10.3,9.4,11.0,6.3,5.3,7.2
DEG,10.3,11.0,9.8,6.3,5.3,7.2
DEG,10.3,11.0,9.8,8.4,8.7,8.2
DEG0,10.3,11.0,9.8,8.4,8.7,8.2
DEG0,10.3,11.0,9.8,8.4,8.7,8.2
EE,32.9,30.0,35.2,8.4,8.7,8.2
EE,32.9,30.0,35.2,15.0,12.7,17.4
EE0,32.9,30.0,35.2,15.0,12.7,17.4
EE0,32.9,30.0,35.2,15.0,12.7,17.4
EE00,32.9,30.0,35.2,15.0,12.7,17.4
EE00,32.9,30.0,35.2,15.0,12.7,17.4
IE,27.5,21.1,33.7,15.0,12.7,17.4
IE,27.5,21.1,33.7,11.8,7.9,14.9
IE0,27.5,21.1,33.7,11.8,7.9,14.9
IE0,27.5,21.1,33.7,11.8,7.9,14.9
IE01,29.2,23.8,34.2,11.8,7.9,14.9
IE01,29.2,23.8,34.2,12.1,7.9,15.4
IE02,26.9,20.2,33.6,12.1,7.9,15.4
IE02,26.9,20.2,33.6,11.7,7.9,14.7
GR,32.9,40.6,26.7,11.7,7.9,14.7
GR,32.9,40.6,26.7,11.1,14.3,8.8
GR1,35.5,43.9,28.6,11.1,14.3,8.8
GR1,35.5,43.9,28.6,12.0,16.1,9.1
GR11,40.7,49.2,32.7,12.0,16.1,9.1
GR11,40.7,49.2,32.7,12.2,15.3,10.2
GR12,33.9,38.4,30.2,12.2,15.3,10.2
GR12,33.9,38.4,30.2,12.3,16.9,9.0
GR13,35.5,43.4,30.5,12.3,16.9,9.0
GR13,35.5,43.4,30.5,14.3,18.5,11.5
GR14,34.5,49.5,22.9,14.3,18.5,11.5
GR14,34.5,49.5,22.9,10.0,13.8,7.4
GR2,33.8,45.3,25.3,10.0,13.8,7.4
GR2,33.8,45.3,25.3,9.9,14.1,7.1
GR21,37.0,40.0,35.0,9.9,14.1,7.1
GR21,37.0,40.0,35.0,10.7,16.0,6.8
GR22,35.1,35.8,34.5,10.7,16.0,6.8
GR22,35.1,35.8,34.5,12.7,17.3,9.4
GR23,35.1,53.0,20.9,12.7,17.3,9.4
GR23,35.1,53.0,20.9,9.7,12.9,7.8
GR24,37.2,49.2,28.7,9.7,12.9,7.8
GR24,37.2,49.2,28.7,10.3,15.3,7.0
GR25,27.1,39.5,17.2,10.3,15.3,7.0
GR25,27.1,39.5,17.2,8.3,11.8,5.8
GR3,30.9,34.0,28.2,8.3,11.8,5.8
GR3,30.9,34.0,28.2,11.2,13.0,9.7
GR30,30.9,34.0,28.2,11.2,13.0,9.7
GR30,30.9,34.0,28.2,11.2,13.0,9.7
GR4,29.8,41.1,20.8,11.2,13.0,9.7
GR4,29.8,41.1,20.8,10.4,14.2,7.9
GR41,30.8,39.5,20.0,10.4,14.2,7.9
GR41,30.8,39.5,20.0,7.3,10.8,5.6
GR42,28.6,47.7,15.1,7.3,10.8,5.6
GR42,28.6,47.7,15.1,12.8,18.8,9.1
GR43,30.3,37.8,24.5,12.8,18.8,9.1
GR43,30.3,37.8,24.5,10.2,13.0,8.1
ES,41.6,39.8,43.2,10.2,13.0,8.1
ES,41.6,39.8,43.2,18.0,18.5,17.5
ES1,35.9,36.6,35.4,18.0,18.5,17.5
ES1,35.9,36.6,35.4,13.8,14.9,12.9
ES11,35.4,36.7,34.4,13.8,14.9,12.9
ES11,35.4,36.7,34.4,13.8,14.8,13.0
ES12,37.3,33.9,40.0,13.8,14.8,13.0
ES12,37.3,33.9,40.0,14.6,15.8,13.6
ES13,36.3,39.7,33.3,14.6,15.8,13.6
ES13,36.3,39.7,33.3,12.2,13.5,11.2
ES2,31.5,31.6,31.4,12.2,13.5,11.2
ES2,31.5,31.6,31.4,10.9,11.6,10.2
ES21,30.3,27.1,33.2,10.9,11.6,10.2
ES21,30.3,27.1,33.2,9.3,10.0,8.7
ES22,30.3,30.9,29.8,9.3,10.0,8.7
ES22,30.3,30.9,29.8,10.3,10.6,10.0
ES23,39.3,47.1,33.7,10.3,10.6,10.0
ES23,39.3,47.1,33.7,12.5,14.1,11.2
ES24,32.0,35.0,29.6,12.5,14.1,11.2
ES24,32.0,35.0,29.6,13.3,14.3,12.5
ES3,37.3,35.5,38.9,13.3,14.3,12.5
ES3,37.3,35.5,38.9,14.2,14.6,13.8
ES30,37.3,35.5,38.9,14.2,14.6,13.8
ES30,37.3,35.5,38.9,14.2,14.6,13.8
ES4,40.4,41.2,39.8,14.2,14.6,13.8
ES4,40.4,41.2,39.8,16.9,19.7,14.8
ES41,34.4,35.1,33.8,16.9,19.7,14.8
ES41,34.4,35.1,33.8,14.2,16.6,12.4
ES42,43.1,43.4,42.8,14.2,16.6,12.4
ES42,43.1,43.4,42.8,18.4,21.7,16.2
ES43,45.9,48.1,44.1,18.4,21.7,16.2
ES43,45.9,48.1,44.1,20.3,24.1,17.7
ES5,40.7,36.8,44.1,20.3,24.1,17.7
ES5,40.7,36.8,44.1,17.9,17.4,18.3
ES51,39.5,32.6,45.4,17.9,17.4,18.3
ES51,39.5,32.6,45.4,15.6,15.0,16.1
ES52,42.0,43.2,41.0,15.6,15.0,16.1
ES52,42.0,43.2,41.0,21.4,21.0,21.7
ES53,43.0,35.5,49.4,21.4,21.0,21.7
ES53,43.0,35.5,49.4,17.9,17.8,17.9
ES6,48.4,47.4,49.4,17.9,17.8,17.9
ES6,48.4,47.4,49.4,24.7,26.1,23.7
ES61,49.9,48.9,50.8,24.7,26.1,23.7
ES61,49.9,48.9,50.8,25.4,27.0,24.2
ES62,39.1,36.0,41.5,25.4,27.0,24.2
ES62,39.1,36.0,41.5,21.6,21.4,21.8
ES63,60.2,75.3,51.3,21.6,21.4,21.8
ES63,60.2,75.3,51.3,19.7,22.4,18.1
ES64,53.7,68.6,42.9,19.7,22.4,18.1
ES64,53.7,68.6,42.9,20.0,27.1,15.2
ES7,51.7,47.2,55.4,20.0,27.1,15.2
ES7,51.7,47.2,55.4,26.4,26.1,26.7
ES70,51.7,47.2,55.4,26.4,26.1,26.7
ES70,51.7,47.2,55.4,26.4,26.1,26.7
FR,23.4,24.1,22.8,26.4,26.1,26.7
FR,23.4,24.1,22.8,8.1,8.6,7.7
FR1,21.1,17.9,23.9,8.1,8.6,7.7
FR1,21.1,17.9,23.9,7.8,8.2,7.4
FR10,21.1,17.9,23.9,7.8,8.2,7.4
FR10,21.1,17.9,23.9,7.8,8.2,7.4
FR2,23.0,24.0,22.1,7.8,8.2,7.4
FR2,23.0,24.0,22.1,7.7,7.9,7.5
FR21,23.6,22.6,24.4,7.7,7.9,7.5
FR21,23.6,22.6,24.4,7.5,8.0,7.1
FR22,28.3,26.8,29.6,7.5,8.0,7.1
FR22,28.3,26.8,29.6,10.0,10.5,9.6
FR23,29.1,31.7,27.2,10.0,10.5,9.6
FR23,29.1,31.7,27.2,7.9,9.0,6.9
FR24,16.2,18.2,14.5,7.9,9.0,6.9
FR24,16.2,18.2,14.5,6.2,5.8,6.6
FR25,20.1,24.2,17.4,6.2,5.8,6.6
FR25,20.1,24.2,17.4,7.1,6.8,7.2
FR26,22.6,23.4,21.9,7.1,6.8,7.2
FR26,22.6,23.4,21.9,7.8,8.1,7.5
FR3,30.1,31.2,29.0,7.8,8.1,7.5
FR3,30.1,31.2,29.0,10.7,11.0,10.4
FR30,30.1,31.2,29.0,10.7,11.0,10.4
FR30,30.1,31.2,29.0,10.7,11.0,10.4
FR4,21.5,21.6,21.4,10.7,11.0,10.4
FR4,21.5,21.6,21.4,7.3,7.9,6.8
FR41,24.3,22.1,26.2,7.3,7.9,6.8
FR41,24.3,22.1,26.2,7.7,8.4,7.1
FR42,18.3,21.0,15.8,7.7,8.4,7.1
FR42,18.3,21.0,15.8,7.0,7.6,6.4
FR43,21.0,21.3,20.8,7.0,7.6,6.4
FR43,21.0,21.3,20.8,7.3,7.5,7.1
FR5,18.8,22.6,15.7,7.3,7.5,7.1
FR5,18.8,22.6,15.7,6.9,7.2,6.5
FR51,18.3,23.6,14.1,6.9,7.2,6.5
FR51,18.3,23.6,14.1,7.6,8.3,7.0
FR52,18.9,22.7,15.5,7.6,8.3,7.0
FR52,18.9,22.7,15.5,5.9,6.8,5.1
FR53,19.9,19.6,20.1,5.9,6.8,5.1
FR53,19.9,19.6,20.1,6.8,5.6,8.0
FR6,22.9,25.9,20.6,6.8,5.6,8.0
FR6,22.9,25.9,20.6,6.8,7.3,6.3
FR61,24.4,29.7,20.0,6.8,7.3,6.3
FR61,24.4,29.7,20.0,7.0,7.9,6.0
FR62,22.6,23.8,21.7,7.0,7.9,6.0
FR62,22.6,23.8,21.7,6.8,7.2,6.4
FR63,18.1,18.9,17.3,6.8,7.2,6.4
FR63,18.1,18.9,17.3,6.2,5.3,6.9
FR7,19.8,22.7,17.4,6.2,5.3,6.9
FR7,19.8,22.7,17.4,6.9,7.5,6.3
FR71,19.9,22.8,17.5,6.9,7.5,6.3
FR71,19.9,22.8,17.5,7.1,7.8,6.5
FR72,19.2,22.0,16.8,7.1,7.8,6.5
FR72,19.2,22.0,16.8,5.8,6.2,5.4
FR8,26.6,25.6,27.3,5.8,6.2,5.4
FR8,26.6,25.6,27.3,9.6,10.0,9.3
FR81,33.1,27.0,37.9,9.6,10.0,9.3
FR81,33.1,27.0,37.9,12.1,11.1,13.1
FR82,24.0,26.0,22.6,12.1,11.1,13.1
FR82,24.0,26.0,22.6,8.6,9.5,7.7
FR83,8.8,2.2,15.6,8.6,9.5,7.7
FR83,8.8,2.2,15.6,6.0,8.9,2.8
FR9,54.2,56.4,52.5,6.0,8.9,2.8
FR9,54.2,56.4,52.5,21.5,23.5,19.7
FR91,55.1,55.6,54.6,21.5,23.5,19.7
FR91,55.1,55.6,54.6,21.2,23.8,18.2
FR92,59.0,56.7,60.6,21.2,23.8,18.2
FR92,59.0,56.7,60.6,17.4,19.6,14.8
FR93,42.6,50.3,35.9,17.4,19.6,14.8
FR93,42.6,50.3,35.9,18.0,21.3,15.2
FR94,54.7,57.9,52.4,18.0,21.3,15.2
FR94,54.7,57.9,52.4,24.7,26.0,23.6
IT,27.8,29.4,26.8,24.7,26.0,23.6
IT,27.8,29.4,26.8,7.0,8.2,6.1
ITC,21.7,22.6,21.1,7.0,8.2,6.1
ITC,21.7,22.6,21.1,5.2,6.1,4.5
ITC1,26.6,26.8,26.4,5.2,6.1,4.5
ITC1,26.6,26.8,26.4,6.3,7.1,5.6
ITC2,16.7,21.7,12.7,6.3,7.1,5.6
ITC2,16.7,21.7,12.7,3.6,4.0,3.3
ITC3,20.3,20.3,20.3,3.6,4.0,3.3
ITC3,20.3,20.3,20.3,5.8,6.8,5.0
ITC4,19.8,20.9,19.0,5.8,6.8,5.0
ITC4,19.8,20.9,19.0,4.6,5.6,3.9
ITD,19.1,23.0,16.2,4.6,5.6,3.9
ITD,19.1,23.0,16.2,4.6,5.8,3.6
ITD1,6.4,7.9,5.4,4.6,5.8,3.6
ITD1,6.4,7.9,5.4,2.3,2.8,2.0
ITD2,15.1,20.3,11.8,2.3,2.8,2.0
ITD2,15.1,20.3,11.8,3.5,4.2,2.9
ITD3,19.1,23.6,15.9,3.5,4.2,2.9
ITD3,19.1,23.6,15.9,4.7,6.3,3.7
ITD4,18.0,22.1,14.8,4.7,6.3,3.7
ITD4,18.0,22.1,14.8,4.9,5.6,4.4
ITD5,22.4,25.4,19.8,4.9,5.6,4.4
ITD5,22.4,25.4,19.8,4.6,5.8,3.7
ITE,25.9,27.4,24.9,4.6,5.8,3.7
ITE,25.9,27.4,24.9,6.4,7.8,5.4
ITE1,23.1,22.6,23.5,6.4,7.8,5.4
ITE1,23.1,22.6,23.5,5.1,6.7,3.8
ITE2,21.0,24.2,18.9,5.1,6.7,3.8
ITE2,21.0,24.2,18.9,5.6,7.6,4.1
ITE3,15.7,15.3,16.0,5.6,7.6,4.1
ITE3,15.7,15.3,16.0,5.1,6.4,4.1
ITE4,31.1,33.9,29.2,5.1,6.4,4.1
ITE4,31.1,33.9,29.2,7.8,9.1,6.9
ITF,37.8,39.0,37.1,7.8,9.1,6.9
ITF,37.8,39.0,37.1,10.6,13.3,9.1
ITF1,29.5,38.0,24.8,10.6,13.3,9.1
ITF1,29.5,38.0,24.8,7.5,9.9,5.8
ITF2,30.2,32.1,28.9,7.5,9.9,5.8
ITF2,30.2,32.1,28.9,6.9,8.0,6.2
ITF3,41.9,39.8,43.2,6.9,8.0,6.2
ITF3,41.9,39.8,43.2,11.4,14.8,9.7
ITF4,34.6,35.2,34.2,11.4,14.8,9.7
ITF4,34.6,35.2,34.2,11.3,14.2,9.8
ITF5,42.0,46.8,38.9,11.3,14.2,9.8
ITF5,42.0,46.8,38.9,10.9,13.4,9.3
ITF6,39.0,47.6,34.6,10.9,13.4,9.3
ITF6,39.0,47.6,34.6,10.0,11.6,9.0
ITG,40.6,43.6,38.8,10.0,11.6,9.0
ITG,40.6,43.6,38.8,12.1,13.9,11.1
ITG1,41.3,45.7,38.8,12.1,13.9,11.1
ITG1,41.3,45.7,38.8,12.1,14.4,10.9
ITG2,38.8,38.9,38.7,12.1,14.4,10.9
ITG2,38.8,38.9,38.7,12.0,12.7,11.5
CY,16.7,17.2,16.0,12.0,12.7,11.5
CY,16.7,17.2,16.0,5.1,5.1,5.1
CY0,16.7,17.2,16.0,5.1,5.1,5.1
CY0,16.7,17.2,16.0,5.1,5.1,5.1
CY00,16.7,17.2,16.0,5.1,5.1,5.1
CY00,16.7,17.2,16.0,5.1,5.1,5.1
LV,34.5,33.5,35.4,5.1,5.1,5.1
LV,34.5,33.5,35.4,16.6,13.6,19.7
LV0,34.5,33.5,35.4,16.6,13.6,19.7
LV0,34.5,33.5,35.4,16.6,13.6,19.7
LV00,34.5,33.5,35.4,16.6,13.6,19.7
LV00,34.5,33.5,35.4,16.6,13.6,19.7
LT,35.1,30.8,38.5,16.6,13.6,19.7
LT,35.1,30.8,38.5,16.1,13.0,19.2
LT0,35.1,30.8,38.5,16.1,13.0,19.2
LT0,35.1,30.8,38.5,16.1,13.0,19.2
LT00,35.1,30.8,38.5,16.1,13.0,19.2
LT00,35.1,30.8,38.5,16.1,13.0,19.2
LU,14.2,10.2,17.6,16.1,13.0,19.2
LU,14.2,10.2,17.6,3.7,4.7,2.9
LU0,14.2,10.2,17.6,3.7,4.7,2.9
LU0,14.2,10.2,17.6,3.7,4.7,2.9
LU00,14.2,10.2,17.6,3.7,4.7,2.9
LU00,14.2,10.2,17.6,3.7,4.7,2.9
HU,26.6,24.9,27.9,3.7,4.7,2.9
HU,26.6,24.9,27.9,10.0,9.7,10.3
HU1,21.2,17.8,24.1,10.0,9.7,10.3
HU1,21.2,17.8,24.1,8.2,7.9,8.5
HU10,21.2,17.8,24.1,8.2,7.9,8.5
HU10,21.2,17.8,24.1,8.2,7.9,8.5
HU2,24.3,24.2,24.4,8.2,7.9,8.5
HU2,24.3,24.2,24.4,9.3,9.1,9.5
HU21,21.3,22.8,20.1,9.3,9.1,9.5
HU21,21.3,22.8,20.1,9.3,10.1,8.7
HU22,24.3,22.7,25.4,9.3,10.1,8.7
HU22,24.3,22.7,25.4,8.1,7.4,8.6
HU23,28.4,27.5,29.1,8.1,7.4,8.6
HU23,28.4,27.5,29.1,10.8,9.9,11.5
HU3,31.6,30.0,32.9,10.8,9.9,11.5
HU3,31.6,30.0,32.9,12.1,11.8,12.4
HU31,32.1,28.0,35.2,12.1,11.8,12.4
HU31,32.1,28.0,35.2,14.7,13.3,15.8
HU32,35.2,33.9,36.0,14.7,13.3,15.8
HU32,35.2,33.9,36.0,12.5,12.6,12.5
HU33,26.3,27.0,25.7,12.5,12.6,12.5
HU33,26.3,27.0,25.7,9.4,9.6,9.3
MT,13.0,12.1,13.7,9.4,9.6,9.3
MT,13.0,12.1,13.7,5.7,5.7,5.7
MT0,13.0,12.1,13.7,5.7,5.7,5.7
MT0,13.0,12.1,13.7,5.7,5.7,5.7
MT00,13.0,12.1,13.7,5.7,5.7,5.7
MT00,13.0,12.1,13.7,5.7,5.7,5.7
NL,8.7,8.6,8.8,5.7,5.7,5.7
NL,8.7,8.6,8.8,3.7,3.7,3.6
NL1,9.2,9.7,8.7,3.7,3.7,3.6
NL1,9.2,9.7,8.7,4.0,4.0,4.1
NL11,9.6,9.7,9.4,4.0,4.0,4.1
NL11,9.6,9.7,9.4,4.3,4.5,4.2
NL12,9.0,9.8,8.1,4.3,4.5,4.2
NL12,9.0,9.8,8.1,4.0,3.9,4.1
NL13,9.0,9.6,8.5,4.0,3.9,4.1
NL13,9.0,9.6,8.5,3.7,3.6,3.9
NL2,8.7,8.8,8.7,3.7,3.6,3.9
NL2,8.7,8.8,8.7,3.4,3.5,3.4
NL21,8.5,8.7,8.2,3.4,3.5,3.4
NL21,8.5,8.7,8.2,3.6,3.5,3.6
NL22,8.2,7.9,8.6,3.6,3.5,3.6
NL22,8.2,7.9,8.6,3.3,3.4,3.1
NL23,11.9,13.3,10.7,3.3,3.4,3.1
NL23,11.9,13.3,10.7,3.8,3.5,4.0
NL3,8.8,8.1,9.6,3.8,3.5,4.0
NL3,8.8,8.1,9.6,3.6,3.7,3.6
NL31,7.1,6.6,7.6,3.6,3.7,3.6
NL31,7.1,6.6,7.6,3.0,3.2,2.9
NL32,8.4,7.7,9.2,3.0,3.2,2.9
NL32,8.4,7.7,9.2,3.5,3.6,3.4
NL33,10.2,9.4,11.0,3.5,3.6,3.4
NL33,10.2,9.4,11.0,4.1,4.0,4.1
NL34,4.2,4.5,3.9,4.1,4.0,4.1
NL34,4.2,4.5,3.9,2.5,2.9,2.2
NL4,8.1,8.9,7.4,2.5,2.9,2.2
NL4,8.1,8.9,7.4,3.8,3.7,3.8
NL41,7.5,8.1,7.0,3.8,3.7,3.8
NL41,7.5,8.1,7.0,3.6,3.6,3.5
NL42,9.5,10.7,8.4,3.6,3.6,3.5
NL42,9.5,10.7,8.4,4.3,3.9,4.6
AT,8.8,8.8,8.9,4.3,3.9,4.6
AT,8.8,8.8,8.9,3.7,3.5,3.9
AT1,11.6,11.2,12.0,3.7,3.5,3.9
AT1,11.6,11.2,12.0,4.6,4.1,5.0
AT11,10.0,9.3,10.6,4.6,4.1,5.0
AT11,10.0,9.3,10.6,3.1,3.4,2.8
AT12,7.2,7.7,6.7,3.1,3.4,2.8
AT12,7.2,7.7,6.7,3.1,2.8,3.4
AT13,16.4,14.6,18.0,3.1,2.8,3.4
AT13,16.4,14.6,18.0,6.2,5.3,6.9
AT2,8.2,8.7,7.8,6.2,5.3,6.9
AT2,8.2,8.7,7.8,3.4,3.4,3.4
AT21,7.4,8.0,6.9,3.4,3.4,3.4
AT21,7.4,8.0,6.9,3.3,3.5,3.2
AT22,8.6,9.1,8.2,3.3,3.5,3.2
AT22,8.6,9.1,8.2,3.5,3.4,3.5
AT3,6.7,6.6,6.7,3.5,3.4,3.5
AT3,6.7,6.6,6.7,2.8,2.8,2.8
AT31,6.5,6.0,7.0,2.8,2.8,2.8
AT31,6.5,6.0,7.0,3.2,3.3,3.2
AT32,6.5,7.4,5.7,3.2,3.3,3.2
AT32,6.5,7.4,5.7,2.3,2.7,1.9
AT33,5.9,5.6,6.2,2.3,2.7,1.9
AT33,5.9,5.6,6.2,2.3,2.0,2.5
AT34,8.7,9.4,8.2,2.3,2.0,2.5
AT34,8.7,9.4,8.2,3.0,3.1,3.0
PL,23.7,25.4,22.4,3.0,3.1,3.0
PL,23.7,25.4,22.4,8.1,8.5,7.8
PL1,19.9,19.9,19.8,8.1,8.5,7.8
PL1,19.9,19.9,19.8,6.9,6.9,6.8
PL11,21.2,21.4,21.1,6.9,6.9,6.8
PL11,21.2,21.4,21.1,8.1,8.5,7.7
PL12,19.1,19.1,19.1,8.1,8.5,7.7
PL12,19.1,19.1,19.1,6.3,6.1,6.4
PL2,22.9,25.6,20.9,6.3,6.1,6.4
PL2,22.9,25.6,20.9,7.6,8.6,6.7
PL21,21.5,25.0,19.0,7.6,8.6,6.7
PL21,21.5,25.0,19.0,7.6,8.1,7.1
PL22,24.0,26.1,22.4,7.6,8.1,7.1
PL22,24.0,26.1,22.4,7.6,9.0,6.4
PL3,29.0,30.1,28.2,7.6,9.0,6.4
PL3,29.0,30.1,28.2,9.0,9.0,9.0
PL31,26.0,28.5,24.2,9.0,9.0,9.0
PL31,26.0,28.5,24.2,8.4,7.8,8.8
PL32,35.3,37.2,33.9,8.4,7.8,8.8
PL32,35.3,37.2,33.9,9.1,9.8,8.5
PL33,28.0,26.4,29.0,9.1,9.8,8.5
PL33,28.0,26.4,29.0,10.2,10.6,9.9
PL34,24.4,24.4,24.3,10.2,10.6,9.9
PL34,24.4,24.4,24.3,8.6,8.1,9.1
PL4,24.1,28.6,20.8,8.6,8.1,9.1
PL4,24.1,28.6,20.8,8.3,8.6,8.0
PL41,21.9,28.0,17.4,8.3,8.6,8.0
PL41,21.9,28.0,17.4,6.9,7.7,6.3
PL42,31.0,32.4,30.1,6.9,7.7,6.3
PL42,31.0,32.4,30.1,10.6,9.8,11.2
PL43,24.2,27.0,22.3,10.6,9.8,11.2
PL43,24.2,27.0,22.3,9.1,9.3,8.9
PL5,23.2,22.7,23.5,9.1,9.3,8.9
PL5,23.2,22.7,23.5,9.4,9.9,9.1
PL51,23.7,22.2,25.0,9.4,9.9,9.1
PL51,23.7,22.2,25.0,9.8,10.1,9.6
PL52,21.4,24.3,19.4,9.8,10.1,9.6
PL52,21.4,24.3,19.4,8.2,8.9,7.6
PL6,23.4,25.9,21.4,8.2,8.9,7.6
PL6,23.4,25.9,21.4,8.3,8.8,7.8
PL61,25.5,28.8,22.7,8.3,8.8,7.8
PL61,25.5,28.8,22.7,8.8,9.7,8.0
PL62,23.9,30.8,19.2,8.8,9.7,8.0
PL62,23.9,30.8,19.2,8.2,8.7,7.7
PL63,21.0,20.4,21.5,8.2,8.7,7.7
PL63,21.0,20.4,21.5,7.9,8.1,7.8
PT,22.4,23.7,21.2,7.9,8.1,7.8
PT,22.4,23.7,21.2,9.8,10.9,8.8
PT1,22.7,24.0,21.6,9.8,10.9,8.8
PT1,22.7,24.0,21.6,10.0,11.2,8.9
PT11,22.7,25.4,20.6,10.0,11.2,8.9
PT11,22.7,25.4,20.6,11.7,13.9,9.7
PT15,28.8,29.0,28.6,11.7,13.9,9.7
PT15,28.8,29.0,28.6,12.1,12.2,12.0
PT16,17.3,18.6,16.1,12.1,12.2,12.0
PT16,17.3,18.6,16.1,7.0,7.8,6.1
PT17,25.1,22.5,27.7,7.0,7.8,6.1
PT17,25.1,22.5,27.7,10.3,10.5,10.0
PT18,28.9,40.4,20.6,10.3,10.5,10.0
PT18,28.9,40.4,20.6,10.1,11.7,8.9
PT2,17.1,19.6,15.3,10.1,11.7,8.9
PT2,17.1,19.6,15.3,5.5,5.4,5.5
PT20,17.1,19.6,15.3,5.5,5.4,5.5
PT20,17.1,19.6,15.3,5.5,5.4,5.5
PT3,17.3,18.4,16.5,5.5,5.4,5.5
PT3,17.3,18.4,16.5,6.5,5.2,7.7
PT30,17.3,18.4,16.5,6.5,5.2,7.7
PT30,17.3,18.4,16.5,6.5,5.2,7.7
RO,22.1,21.8,22.3,6.5,5.2,7.7
RO,22.1,21.8,22.3,5.8,5.1,6.3
RO1,25.3,25.8,24.9,5.8,5.1,6.3
RO1,25.3,25.8,24.9,6.8,6.2,7.3
RO11,18.9,19.7,18.3,6.8,6.2,7.3
RO11,18.9,19.7,18.3,5.5,4.9,6.1
RO12,32.7,33.9,31.9,5.5,4.9,6.1
RO12,32.7,33.9,31.9,8.3,7.8,8.7
RO2,18.5,18.1,18.7,8.3,7.8,8.7
RO2,18.5,18.1,18.7,5.7,5.0,6.2
RO21,13.2,13.7,12.8,5.7,5.0,6.2
RO21,13.2,13.7,12.8,4.9,4.2,5.5
RO22,27.0,26.6,27.2,4.9,4.2,5.5
RO22,27.0,26.6,27.2,6.8,6.3,7.1
RO3,26.5,28.6,25.2,6.8,6.3,7.1
RO3,26.5,28.6,25.2,4.9,4.5,5.2
RO31,29.2,31.8,27.6,4.9,4.5,5.2
RO31,29.2,31.8,27.6,5.9,5.7,6.1
RO32,20.3,21.7,19.4,5.9,5.7,6.1
RO32,20.3,21.7,19.4,3.5,2.9,4.0
RO4,18.8,14.5,21.8,3.5,2.9,4.0
RO4,18.8,14.5,21.8,5.8,4.7,6.7
RO41,18.2,10.9,22.7,5.8,4.7,6.7
RO41,18.2,10.9,22.7,6.5,4.9,7.8
RO42,19.6,18.8,20.3,6.5,4.9,7.8
RO42,19.6,18.8,20.3,4.9,4.5,5.3
SI,14.7,13.8,15.2,4.9,4.5,5.3
SI,14.7,13.8,15.2,6.5,6.4,6.5
SI0,14.7,13.8,15.2,6.5,6.4,6.5
SI0,14.7,13.8,15.2,6.5,6.4,6.5
SI01,15.4,15.3,15.4,6.5,6.4,6.5
SI01,15.4,15.3,15.4,7.1,7.5,6.8
SI02,13.9,12.4,15.0,7.1,7.5,6.8
SI02,13.9,12.4,15.0,5.8,5.2,6.2
SK,33.6,31.9,34.6,5.8,5.2,6.2
SK,33.6,31.9,34.6,12.5,13.1,12.0
SK0,33.6,31.9,34.6,12.5,13.1,12.0
SK0,33.6,31.9,34.6,12.5,13.1,12.0
SK01,15.2,13.3,16.4,12.5,13.1,12.0
SK01,15.2,13.3,16.4,5.5,4.6,6.4
SK02,30.8,31.6,30.3,5.5,4.6,6.4
SK02,30.8,31.6,30.3,10.9,12.4,9.7
SK03,36.2,33.5,38.1,10.9,12.4,9.7
SK03,36.2,33.5,38.1,14.4,15.2,13.8
SK04,39.7,36.6,41.7,14.4,15.2,13.8
SK04,39.7,36.6,41.7,16.1,16.4,15.8
FI,21.4,19.0,23.8,16.1,16.4,15.8
FI,21.4,19.0,23.8,6.6,6.0,7.2
FI1,21.4,19.1,23.9,6.6,6.0,7.2
FI1,21.4,19.1,23.9,6.7,6.1,7.2
FI13,25.1,24.2,25.9,6.7,6.1,7.2
FI13,25.1,24.2,25.9,8.2,7.2,9.1
FI18,19.7,17.6,21.9,8.2,7.2,9.1
FI18,19.7,17.6,21.9,5.8,5.5,6.2
FI19,22.8,20.1,25.3,5.8,5.5,6.2
FI19,22.8,20.1,25.3,7.0,6.1,7.8
FI1A,22.9,19.1,26.2,7.0,6.1,7.8
FI1A,22.9,19.1,26.2,8.2,7.6,8.8
FI2,9.9,11.7,8.7,8.2,7.6,8.8
FI2,9.9,11.7,8.7,2.4,1.9,2.8
FI20,9.9,11.7,8.7,2.4,1.9,2.8
FI20,9.9,11.7,8.7,2.4,1.9,2.8
SE,25.2,23.7,26.6,2.4,1.9,2.8
SE,25.2,23.7,26.6,5.9,5.9,5.9
SE1,24.1,23.5,24.7,5.9,5.9,5.9
SE1,24.1,23.5,24.7,5.8,6.1,5.6
SE11,21.5,21.4,21.7,5.8,6.1,5.6
SE11,21.5,21.4,21.7,5.3,5.5,5.1
SE12,27.1,26.0,28.2,5.3,5.5,5.1
SE12,27.1,26.0,28.2,6.7,7.0,6.4
SE2,25.5,23.2,27.7,6.7,7.0,6.4
SE2,25.5,23.2,27.7,5.8,5.7,5.9
SE21,22.4,24.2,20.8,5.8,5.7,5.9
SE21,22.4,24.2,20.8,5.5,5.0,5.9
SE22,27.0,23.7,30.6,5.5,5.0,5.9
SE22,27.0,23.7,30.6,5.9,6.1,5.7
SE23,25.7,22.5,28.8,5.9,6.1,5.7
SE23,25.7,22.5,28.8,5.8,5.6,6.0
SE3,26.8,25.6,27.7,5.8,5.6,6.0
SE3,26.8,25.6,27.7,6.3,6.0,6.6
SE31,24.2,23.1,25.1,6.3,6.0,6.6
SE31,24.2,23.1,25.1,6.2,6.1,6.3
SE32,32.9,33.6,32.3,6.2,6.1,6.3
SE32,32.9,33.6,32.3,6.7,6.6,6.8
SE33,26.8,24.5,28.7,6.7,6.6,6.8
SE33,26.8,24.5,28.7,6.3,5.4,7.1
UK,19.6,17.3,21.5,6.3,5.4,7.1
UK,19.6,17.3,21.5,5.7,5.0,6.4
UKC,20.0,18.5,21.4,5.7,5.0,6.4
UKC,20.0,18.5,21.4,7.2,5.9,8.4
UKC1,19.0,16.8,21.1,7.2,5.9,8.4
UKC1,19.0,16.8,21.1,7.2,6.4,7.8
UKC2,21.2,20.6,21.8,7.2,6.4,7.8
UKC2,21.2,20.6,21.8,7.3,5.4,9.0
UKD,20.3,18.4,21.8,7.3,5.4,9.0
UKD,20.3,18.4,21.8,5.6,4.5,6.5
UKD1,24.2,21.3,26.4,5.6,4.5,6.5
UKD1,24.2,21.3,26.4,3.9,3.9,3.9
UKD2,18.5,13.5,22.4,3.9,3.9,3.9
UKD2,18.5,13.5,22.4,4.8,4.2,5.3
UKD3,22.0,22.1,21.9,4.8,4.2,5.3
UKD3,22.0,22.1,21.9,5.9,4.9,6.7
UKD4,15.2,14.3,15.9,5.9,4.9,6.7
UKD4,15.2,14.3,15.9,4.3,3.1,5.3
UKD5,22.8,18.4,26.4,4.3,3.1,5.3
UKD5,22.8,18.4,26.4,7.8,5.5,9.7
UKE,20.9,17.0,24.5,7.8,5.5,9.7
UKE,20.9,17.0,24.5,6.9,5.4,8.1
UKE1,22.0,16.5,28.3,6.9,5.4,8.1
UKE1,22.0,16.5,28.3,7.0,5.3,8.5
UKE2,20.3,17.0,22.9,7.0,5.3,8.5
UKE2,20.3,17.0,22.9,5.0,4.0,5.8
UKE3,20.0,15.8,24.0,5.0,4.0,5.8
UKE3,20.0,15.8,24.0,7.5,5.5,9.3
UKE4,21.0,17.8,23.8,7.5,5.5,9.3
UKE4,21.0,17.8,23.8,7.2,6.0,8.2
UKF,18.3,16.4,20.0,7.2,6.0,8.2
UKF,18.3,16.4,20.0,5.7,5.4,6.0
UKF1,21.0,18.2,23.7,5.7,5.4,6.0
UKF1,21.0,18.2,23.7,6.6,6.4,6.9
UKF2,17.9,16.5,19.2,6.6,6.4,6.9
UKF2,17.9,16.5,19.2,5.3,4.9,5.6
UKF3,11.1,11.3,11.0,5.3,4.9,5.6
UKF3,11.1,11.3,11.0,3.9,3.3,4.3
UKG,22.4,19.3,24.8,3.9,3.3,4.3
UKG,22.4,19.3,24.8,6.6,5.4,7.6
UKG1,21.8,17.2,25.7,6.6,5.4,7.6
UKG1,21.8,17.2,25.7,3.8,2.9,4.6
UKG2,18.0,14.0,21.7,3.8,2.9,4.6
UKG2,18.0,14.0,21.7,6.2,5.4,6.9
UKG3,25.2,23.9,26.1,6.2,5.4,6.9
UKG3,25.2,23.9,26.1,8.3,6.8,9.5
UKH,16.9,16.1,17.5,8.3,6.8,9.5
UKH,16.9,16.1,17.5,4.9,4.4,5.3
UKH1,17.7,17.8,17.7,4.9,4.4,5.3
UKH1,17.7,17.8,17.7,4.7,3.5,5.6
UKH2,16.7,14.3,18.6,4.7,3.5,5.6
UKH2,16.7,14.3,18.6,4.4,4.8,4.1
UKH3,15.9,15.6,16.2,4.4,4.8,4.1
UKH3,15.9,15.6,16.2,5.6,5.2,6.0
UKI,23.4,22.2,24.6,5.6,5.2,6.0
UKI,23.4,22.2,24.6,7.1,7.0,7.1
UKI1,27.8,25.2,30.2,7.1,7.0,7.1
UKI1,27.8,25.2,30.2,7.5,8.1,7.0
UKI2,21.1,20.6,21.6,7.5,8.1,7.0
UKI2,21.1,20.6,21.6,6.8,6.3,7.2
UKJ,16.2,13.4,18.8,6.8,6.3,7.2
UKJ,16.2,13.4,18.8,4.5,4.1,4.7
UKJ1,13.6,12.1,15.0,4.5,4.1,4.7
UKJ1,13.6,12.1,15.0,4.7,4.5,4.8
UKJ2,13.7,12.7,14.5,4.7,4.5,4.8
UKJ2,13.7,12.7,14.5,3.9,4.3,3.6
UKJ3,17.2,14.1,20.2,3.9,4.3,3.6
UKJ3,17.2,14.1,20.2,4.5,3.5,5.3
UKJ4,21.6,14.8,28.4,4.5,3.5,5.3
UKJ4,21.6,14.8,28.4,5.1,4.1,5.9
UKK,15.5,13.9,16.9,5.1,4.1,5.9
UKK,15.5,13.9,16.9,4.3,4.1,4.4
UKK1,14.5,13.9,15.0,4.3,4.1,4.4
UKK1,14.5,13.9,15.0,3.9,3.7,4.1
UKK2,11.6,11.6,11.6,3.9,3.7,4.1
UKK2,11.6,11.6,11.6,4.2,3.7,4.8
UKK3,24.0,25.9,22.5,4.2,3.7,4.8
UKK3,24.0,25.9,22.5,5.5,6.3,4.7
UKK4,18.5,11.6,24.3,5.5,6.3,4.7
UKK4,18.5,11.6,24.3,4.5,4.3,4.7
UKL,24.5,18.8,29.1,4.5,4.3,4.7
UKL,24.5,18.8,29.1,5.7,4.9,6.4
UKL1,26.8,21.0,31.2,5.7,4.9,6.4
UKL1,26.8,21.0,31.2,5.8,4.8,6.8
UKL2,20.8,15.5,25.4,5.8,4.8,6.8
UKL2,20.8,15.5,25.4,5.5,5.0,5.8
UKM,19.7,19.4,19.9,5.5,5.0,5.8
UKM,19.7,19.4,19.9,6.1,4.5,7.5
UKM2,19.7,18.4,21.0,6.1,4.5,7.5
UKM2,19.7,18.4,21.0,5.4,4.5,6.2
UKM3,21.5,21.6,21.4,5.4,4.5,6.2
UKM3,21.5,21.6,21.4,8.0,5.3,10.5
UKM5,12.3,15.0,9.3,8.0,5.3,10.5
UKM5,12.3,15.0,9.3,1.8,1.4,2.1
UKM6,19.3,19.5,19.2,1.8,1.4,2.1
UKM6,19.3,19.5,19.2,5.4,4.0,6.7
UKN,18.9,12.7,24.0,5.4,4.0,6.7
UKN,18.9,12.7,24.0,5.1,3.0,6.9
UKN0,18.9,12.7,24.0,5.1,3.0,6.9
UKN0,18.9,12.7,24.0,5.1,3.0,6.9
IS,16.2,14.1,18.4,5.1,3.0,6.9
IS,16.2,14.1,18.4,5.8,5.1,6.4
IS0,16.2,14.1,18.4,5.8,5.1,6.4
IS0,16.2,14.1,18.4,5.8,5.1,6.4
IS00,16.2,14.1,18.4,5.8,5.1,6.4
IS00,16.2,14.1,18.4,5.8,5.1,6.4
LI,:,:,:,:,:,:
LI0,:,:,:,:,:,:
LI00,:,:,:,:,:,:
NO,9.3,7.5,11.0,:,:,:
NO,9.3,7.5,11.0,2.6,2.2,3.0
NO0,9.3,7.5,11.0,2.6,2.2,3.0
NO0,9.3,7.5,11.0,2.6,2.2,3.0
NO01,10.1,8.1,12.0,2.6,2.2,3.0
NO01,10.1,8.1,12.0,3.2,2.6,3.7
NO02,11.1,7.3,14.5,3.2,2.6,3.7
NO02,11.1,7.3,14.5,2.0,1.1,2.9
NO03,9.6,6.5,12.6,2.0,1.1,2.9
NO03,9.6,6.5,12.6,2.7,2.7,2.7
NO04,5.6,3.2,7.9,2.7,2.7,2.7
NO04,5.6,3.2,7.9,2.1,1.7,2.4
NO05,8.8,7.9,9.7,2.1,1.7,2.4
NO05,8.8,7.9,9.7,2.5,2.1,2.8
NO06,10.1,10.8,9.6,2.5,2.1,2.8
NO06,10.1,10.8,9.6,2.4,2.0,2.8
NO07,11.4,11.1,11.7,2.4,2.0,2.8
NO07,11.4,11.1,11.7,2.4,1.8,2.9
CH,7.9,8.4,7.3,2.4,1.8,2.9
CH,7.9,8.4,7.3,4.0,4.4,3.7
CH0,7.9,8.4,7.3,4.0,4.4,3.7
CH0,7.9,8.4,7.3,4.0,4.4,3.7
CH01,12.9,13.3,12.4,4.0,4.4,3.7
CH01,12.9,13.3,12.4,5.7,6.3,5.2
CH02,7.7,7.8,7.6,5.7,6.3,5.2
CH02,7.7,7.8,7.6,3.7,3.9,3.4
CH03,8.1,10.9,5.4,3.7,3.9,3.4
CH03,8.1,10.9,5.4,3.9,3.8,3.9
CH04,6.8,7.4,6.3,3.9,3.8,3.9
CH04,6.8,7.4,6.3,3.9,4.6,3.2
CH05,5.2,5.0,5.4,3.9,4.6,3.2
CH05,5.2,5.0,5.4,3.2,3.5,2.9
CH06,4.8,4.7,5.0,3.2,3.5,2.9
CH06,4.8,4.7,5.0,2.7,3.2,2.3
CH07,10.7,11.6,9.9,2.7,3.2,2.3
CH07,10.7,11.6,9.9,5.5,5.5,5.5
HR,31.5,33.7,30.0,5.5,5.5,5.5
HR,31.5,33.7,30.0,9.2,9.9,8.6
HR0,31.5,33.7,30.0,9.2,9.9,8.6
HR0,31.5,33.7,30.0,9.2,9.9,8.6
HR01,21.1,20.7,21.4,9.2,9.9,8.6
HR01,21.1,20.7,21.4,6.4,5.6,7.1
HR02,44.8,47.9,42.7,6.4,5.6,7.1
HR02,44.8,47.9,42.7,13.7,16.2,11.6
HR03,28.6,33.3,25.9,13.7,16.2,11.6
HR03,28.6,33.3,25.9,9.2,10.5,8.0
MK,:,:,:,:,:,:
MK0,:,:,:,:,:,:
MK00,:,:,:,:,:,:
TR,19.7,20.7,19.2,:,:,:
TR,19.7,20.7,19.2,8.8,8.9,8.7
TR1,21.9,24.8,20.1,8.8,8.9,8.7
TR1,21.9,24.8,20.1,11.6,13.3,11.2
TR10,21.9,24.8,20.1,11.6,13.3,11.2
TR10,21.9,24.8,20.1,11.6,13.3,11.2
TR2,15.5,14.8,15.9,11.6,13.3,11.2
TR2,15.5,14.8,15.9,6.0,7.3,5.3
TR21,18.2,17.5,18.5,6.0,7.3,5.3
TR21,18.2,17.5,18.5,6.7,9.4,5.6
TR22,12.2,11.7,12.5,6.7,9.4,5.6
TR22,12.2,11.7,12.5,5.1,5.3,5.1
TR3,22.0,24.6,20.3,5.1,5.3,5.1
TR3,22.0,24.6,20.3,8.8,10.5,8.1
TR31,26.8,31.4,23.9,8.8,10.5,8.1
TR31,26.8,31.4,23.9,11.6,14.6,10.3
TR32,19.9,21.9,18.6,11.6,14.6,10.3
TR32,19.9,21.9,18.6,8.4,10.0,7.7
TR33,16.3,15.8,16.6,8.4,10.0,7.7
TR33,16.3,15.8,16.6,5.1,4.6,5.3
TR4,19.2,22.0,17.6,5.1,4.6,5.3
TR4,19.2,22.0,17.6,8.3,9.3,7.9
TR41,17.5,19.5,16.4,8.3,9.3,7.9
TR41,17.5,19.5,16.4,7.6,8.1,7.4
TR42,20.8,24.2,18.7,7.6,8.1,7.4
TR42,20.8,24.2,18.7,9.0,10.5,8.5
TR5,19.3,25.4,16.4,9.0,10.5,8.5
TR5,19.3,25.4,16.4,7.7,9.1,7.2
TR51,23.2,32.7,18.9,7.7,9.1,7.2
TR51,23.2,32.7,18.9,8.7,10.7,8.0
TR52,13.6,15.1,12.8,8.7,10.7,8.0
TR52,13.6,15.1,12.8,5.6,5.9,5.4
TR6,21.7,21.9,21.5,5.6,5.9,5.4
TR6,21.7,21.9,21.5,10.4,10.8,10.2
TR61,19.9,19.3,20.3,10.4,10.8,10.2
TR61,19.9,19.3,20.3,8.0,9.4,7.3
TR62,24.5,27.8,22.8,8.0,9.4,7.3
TR62,24.5,27.8,22.8,12.6,14.1,12.1
TR63,19.1,15.6,20.7,12.6,14.1,12.1
TR63,19.1,15.6,20.7,10.0,7.8,10.9
TR7,21.2,24.9,19.5,10.0,7.8,10.9
TR7,21.2,24.9,19.5,9.0,10.1,8.6
TR71,17.4,17.0,17.5,9.0,10.1,8.6
TR71,17.4,17.0,17.5,7.4,5.7,8.1
TR72,23.7,29.9,20.9,7.4,5.7,8.1
TR72,23.7,29.9,20.9,10.1,13.7,9.0
TR8,14.9,14.2,15.5,10.1,13.7,9.0
TR8,14.9,14.2,15.5,5.9,5.5,6.1
TR81,27.9,23.5,31.0,5.9,5.5,6.1
TR81,27.9,23.5,31.0,7.4,5.8,8.2
TR82,14.0,18.0,10.3,7.4,5.8,8.2
TR82,14.0,18.0,10.3,6.1,7.4,5.3
TR83,10.4,9.5,11.1,6.1,7.4,5.3
TR83,10.4,9.5,11.1,5.2,4.7,5.4
TR9,15.3,9.6,19.7,5.2,4.7,5.4
TR9,15.3,9.6,19.7,3.5,2.2,4.4
TR90,15.3,9.6,19.7,3.5,2.2,4.4
TR90,15.3,9.6,19.7,3.5,2.2,4.4
TRA,13.6,7.8,16.4,3.5,2.2,4.4
TRA,13.6,7.8,16.4,5.5,1.5,7.3
TRA1,12.3,7.7,15.2,5.5,1.5,7.3
TRA1,12.3,7.7,15.2,4.1,1.7,5.2
TRA2,14.7,7.8,17.3,4.1,1.7,5.2
TRA2,14.7,7.8,17.3,7.2,1.3,9.7
TRB,24.4,21.4,25.4,7.2,1.3,9.7
TRB,24.4,21.4,25.4,10.0,7.4,10.9
TRB1,22.8,21.1,23.6,10.0,7.4,10.9
TRB1,22.8,21.1,23.6,8.2,7.1,8.6
TRB2,25.7,21.9,26.6,8.2,7.1,8.6
TRB2,25.7,21.9,26.6,12.2,7.9,13.3
TRC,15.4,8.0,17.7,12.2,7.9,13.3
TRC,15.4,8.0,17.7,9.7,5.2,10.5
TRC1,16.9,12.6,18.3,9.7,5.2,10.5
TRC1,16.9,12.6,18.3,9.9,7.4,10.5
TRC2,13.6,2.9,16.8,9.9,7.4,10.5
TRC2,13.6,2.9,16.8,10.3,2.3,11.4
TRC3,16.2,9.1,18.4,10.3,2.3,11.4
TRC3,16.2,9.1,18.4,8.4,4.0,9.0
